d [mm],f [GHz],pPDn [W/m2],pPDtot [W/m2],psPDn_1 [W/m2],psPDtot_1 [W/m2],psPDn_4 [W/m2],psPDtot_4 [W/m2],pDeltaT * 100 [Â°C]
3,90,187.0,198.0,25.0,32.81979087754797,10.0,15.394281460584882,64.03605695811625
150,16,0.0,0.0,0.0,0.1163457330103097,0.0,0.08400665375102556,0.49266155291866504
20,17,19.0,20.0,16.0,18.74277282592587,8.0,10.147597698094245,3.597538612382541
23,81,46.0,45.0,12.0,13.742120491199895,6.0,7.297242506781851,7.985376010679351
15,59,108.0,105.0,26.0,29.140328916244584,8.0,10.090941578503497,24.169781437395947
4,55,10.0,11.0,7.0,10.974701804249541,6.0,9.581947580969942,16.923925228336593
2,83,21.0,21.0,22.0,30.212840409170703,9.0,15.628507245807471,36.191688413983094
2,23,113.0,126.0,37.0,63.736319324828486,12.0,28.115144116627224,102.12593475648488
2,25,189.0,187.0,37.0,47.027788961331844,11.0,16.99082943579217,63.80811331459643
134,81,0.0,0.0,0.0,0.15346792041888468,0.0,0.16038156962626782,1.478036198846067
6,37,291.0,293.0,35.0,44.87132539476092,11.0,16.510510796968187,50.30726611824939
8,15,0.0,0.0,0.0,1.2350549902655685,0.0,1.5816506122688696,1.706049931545167
65,66,0.0,0.0,0.0,0.27234255818452424,0.0,0.3613748520747211,0.7035343662728473
58,82,40.0,40.0,9.0,10.029646657443086,3.0,3.709420412905743,4.835891022640553
79,38,58.0,56.0,12.0,12.810171960390232,4.0,4.466339425562424,0.48538716067847737
24,90,26.0,28.0,15.0,18.090722407240932,7.0,9.211081595683225,10.387062631808387
140,30,0.0,0.0,0.0,0.26443823271120226,0.0,0.24003917438030586,0.4452534042473832
49,90,71.0,72.0,17.0,18.820569574321784,6.0,7.1579754960402475,12.651942400866975
2,12,224.0,220.0,40.0,58.94083929828945,13.0,24.337994546375267,60.94341914298493
38,90,25.0,24.0,9.0,9.922033172161303,3.0,3.6924718614100986,4.16912690196478
2,79,252.0,255.0,40.0,63.52329871157545,12.0,26.338338876939275,94.38739479592796
2,62,109.0,109.0,35.0,43.5142367739335,11.0,16.291958396283214,36.167321346984544
23,10,42.0,46.0,17.0,21.663934967594237,9.0,12.350410574949294,3.1431639091368244
48,19,12.0,13.0,7.0,8.34799581844662,4.0,5.004741258829162,0.6752190735736905
18,16,0.0,0.0,5.0,6.555692574550242,3.0,4.435269390636851,4.190869036445645
29,10,6.0,7.0,5.0,6.800194135344306,5.0,6.592998368054975,12.275887790404255
15,50,13.0,13.0,12.0,15.218417183384346,7.0,9.581434388516449,8.598160285357697
59,87,40.0,41.0,9.0,10.213508269362642,5.0,5.791195562504272,3.03108356057453
2,10,106.0,120.0,32.0,46.325945970280394,11.0,20.376205767074087,41.799918249147474
2,22,48.0,48.0,29.0,38.18779433409318,10.0,16.665399731986103,19.031802108468547
23,24,25.0,26.0,9.0,11.310238132521992,6.0,7.815080510755927,2.38242048780208
21,39,1.0,2.0,4.0,5.792190841589424,3.0,4.618978441811741,4.522240535830698
24,19,15.0,15.0,9.0,10.787066781858467,6.0,7.523084107142302,7.594669559684167
2,33,41.0,44.0,32.0,50.240967653518645,11.0,23.217329079323193,45.617647517823116
150,63,0.0,0.0,0.0,0.11012410124207639,0.0,0.0723476999474113,0.32251027662591464
3,52,11.0,9.0,13.0,15.275447866241098,6.0,7.869545574231957,6.252491413060117
32,23,0.0,0.0,0.0,0.4465074949814791,0.0,0.4420001793016102,3.1825572542625893
150,10,0.0,0.0,0.0,0.13246337318893397,0.0,0.10196941579542895,0.8582190138445529
2,90,68.0,65.0,23.0,28.96354837191495,8.0,12.76005719796628,82.92375619959121
21,56,183.0,185.0,25.0,29.20189824593303,9.0,11.6032996322853,18.678579867300662
150,52,17.0,17.0,0.0,0.07990860821199752,0.0,0.051464197486958074,0.8289678598676444
3,10,45.0,45.0,27.0,32.65348671005027,10.0,14.232261198791692,9.28166399528647
21,20,12.0,13.0,9.0,12.007612232135779,6.0,8.223577171374744,4.4991879655368034
23,63,26.0,26.0,10.0,11.774624345654438,6.0,7.439519129033787,3.979719772065096
150,59,0.0,0.0,0.0,0.10081950651313054,0.0,0.0947749306247394,0.282469748680175
46,90,8.0,7.0,6.0,7.042155906632388,3.0,3.8916406157725607,10.847798160666976
140,26,0.0,0.0,0.0,0.1528673020607052,0.0,0.13040177622460125,0.41685753459133784
121,60,48.0,50.0,8.0,8.946176760103741,3.0,3.6648249226433838,2.733977105636922
135,76,26.0,23.0,6.0,6.349663280374808,1.0,1.2105784436348268,0.45852396296377224
33,81,22.0,21.0,10.0,11.353766451521095,4.0,4.9695520520336585,1.1834448069834664
62,41,0.0,0.0,0.0,0.1643482215349421,0.0,0.15957829255914757,0.16346906504888323
13,52,78.0,77.0,25.0,28.610902047812214,9.0,11.367304016914947,8.977029348014502
12,24,0.0,0.0,5.0,6.51634629420642,3.0,4.44645855770651,4.896252424685291
2,10,54.0,55.0,30.0,38.805478782754975,10.0,15.840042395792388,10.74652894585595
2,10,313.0,313.0,40.0,71.54927885946961,13.0,30.165355460547428,107.0315508654302
40,24,13.0,13.0,6.0,7.3468081453456335,4.0,5.039632100126541,3.490094788002503
14,90,40.0,42.0,17.0,20.793918965494314,8.0,10.902612902837921,17.362950799878664
38,90,23.0,23.0,6.0,7.16070072580611,3.0,3.998148646172334,14.865440811179552
18,50,0.0,0.0,11.0,12.761341798870234,6.0,7.543047751821078,6.034368250120832
23,22,134.0,140.0,21.0,23.800419394219517,8.0,9.816820673680468,6.740024440216067
3,90,48.0,48.0,26.0,31.604068327757563,9.0,12.849789771531691,19.430206321182197
37,10,0.0,0.0,0.0,1.021562887090556,1.0,2.0556541263278767,0.3565404011959525
32,73,37.0,36.0,10.0,11.710253215164935,5.0,6.292931486654697,1.8573134953180137
150,39,0.0,0.0,0.0,0.04171458210612955,0.0,0.0387430477927857,0.10476967859695605
27,90,2.0,2.0,5.0,6.584834524547764,3.0,4.37787384573427,3.2166027999326645
25,10,1.0,3.0,7.0,9.829771440801377,6.0,8.397435109639988,5.511774977381441
68,62,21.0,21.0,5.0,5.741225556597831,2.0,2.6030272444674263,10.20547938039152
16,19,65.0,64.0,23.0,26.112988621325613,8.0,10.284619776484416,32.51957764356265
2,45,64.0,63.0,24.0,30.292550974279653,9.0,13.754731572620626,43.57153576307472
85,63,0.0,0.0,2.0,2.5810787963236033,1.0,1.4562112738231712,0.8201631431768561
47,69,0.0,0.0,2.0,2.668987946890192,1.0,1.556580519648458,1.7467717302749093
71,90,29.0,28.0,4.0,4.503800733576925,1.0,1.360332893583614,1.621779340623179
150,56,0.0,0.0,0.0,0.023420979104284756,0.0,0.01632137353875862,0.15245012177519254
2,10,89.0,103.0,32.0,54.86103057407859,12.0,26.461979368561114,44.44285041378235
150,90,0.0,0.0,0.0,0.005769558087468374,0.0,0.003245569324989761,0.07819614032729746
21,10,0.0,0.0,4.0,5.178306698008262,2.0,3.043802923924152,0.6782608859743202
64,79,54.0,52.0,12.0,12.75057474660048,4.0,4.482382879459406,0.6601360226873154
5,77,42.0,43.0,20.0,24.584471774386618,8.0,11.64594962399574,9.192268378956761
14,13,8.0,8.0,7.0,8.838387824020224,4.0,5.586839461308502,3.9539550412944107
150,90,0.0,0.0,0.0,0.13017131677376725,0.0,0.13601334642297824,1.4636713466403983
2,65,256.0,254.0,40.0,58.970316875417005,12.0,23.361465252259286,103.078490130774
2,17,1.0,1.0,12.0,16.65221626113749,8.0,11.93769948221669,7.124641130250614
2,10,99.0,101.0,31.0,37.684038375983576,10.0,14.670403420628404,12.914286779476503
2,27,43.0,42.0,33.0,46.17342363757864,11.0,20.25716931209861,70.43142141740375
55,90,26.0,26.0,7.0,7.904717008627832,2.0,2.63776751372606,3.147788806247956
55,90,315.0,315.0,36.0,39.418042978656054,10.0,11.614535755238116,22.49966556062242
100,33,0.0,0.0,0.0,0.2875770756414078,0.0,0.23367429163480313,0.917564928739909
143,49,11.0,12.0,0.0,0.5309098980353344,0.0,0.3918896723614309,0.4732017953569762
2,22,4.0,5.0,6.0,9.485269572062581,5.0,8.443251142182998,14.666756435970173
10,46,1.0,0.0,9.0,11.24402946769014,5.0,6.935468447741427,14.549565062494803
70,74,8.0,6.0,0.0,0.3388876317861953,0.0,0.2761178183192372,2.541919802809222
20,10,91.0,103.0,29.0,36.62222319863391,10.0,14.832040139578913,11.556968049130832
27,90,96.0,95.0,18.0,19.78209727249157,6.0,7.266255581066552,18.071511289369486
49,26,16.0,16.0,5.0,5.874177541683225,3.0,3.6962511989449105,1.6066581906540143
13,32,97.0,103.0,20.0,23.998350378889807,8.0,10.895596913109312,33.38637597238899
149,22,0.0,0.0,0.0,0.07900974450140019,0.0,0.08392903321861733,0.31695712568625417
43,10,35.0,35.0,13.0,14.784972703011633,7.0,8.315073103958968,2.1531862598882614
6,80,120.0,143.0,23.0,31.54261196793295,9.0,14.551067900173523,26.063706935784403
43,12,0.0,0.0,1.0,2.0189750329383647,2.0,2.9374834513645203,3.602207921957557
134,71,20.0,22.0,1.0,1.6366611287005712,1.0,1.4549311237923501,2.3686422311013544
2,90,115.0,120.0,34.0,41.806608309923696,10.0,15.088548073669745,36.70015355152968
2,10,255.0,254.0,38.0,47.34224921969127,11.0,16.61279294896417,12.266735172708826
2,58,177.0,179.0,34.0,46.90502163535558,11.0,19.57467054419439,51.50478188451681
2,26,30.0,32.0,19.0,26.641583154056875,9.0,15.01106775273396,33.69553507899607
13,74,133.0,125.0,29.0,31.8611861870427,9.0,10.665047755091656,4.528175614076869
51,90,50.0,50.0,14.0,15.379940082491723,5.0,5.912822456506511,6.796663205286774
2,79,41.0,40.0,24.0,30.201986586859725,9.0,13.507731077586431,20.927274526586206
3,48,59.0,62.0,23.0,29.28202047764184,9.0,13.338077052495585,25.676435823512403
2,42,111.0,114.0,35.0,46.09801262239037,11.0,18.370187410296694,37.35265556100447
2,12,3.0,3.0,10.0,13.35473269399795,6.0,9.150259105276604,11.729703018845338
132,90,0.0,0.0,0.0,0.2567718145230169,0.0,0.20392516706005193,1.2822934759835332
2,23,310.0,309.0,40.0,70.06523349305752,13.0,29.518556963997334,118.93192723521446
2,18,50.0,52.0,32.0,51.71456011733143,11.0,24.285355906368544,80.99101879051726
17,10,33.0,32.0,14.0,16.06736907901787,7.0,8.580692010508859,6.082553776743934
6,44,216.0,221.0,33.0,40.72350108485097,11.0,15.590231919579963,32.52794984531764
2,15,10.0,8.0,14.0,17.32280372396076,7.0,10.011906550156821,17.59804631010943
2,44,162.0,174.0,37.0,48.89019548328647,12.0,19.699471579473975,29.402555301671946
150,10,0.0,0.0,0.0,0.13069708621350995,0.0,0.12144288234093237,0.2433468412647368
42,49,33.0,33.0,12.0,13.38992364304909,6.0,7.001566314022309,1.7331297061266868
150,22,0.0,0.0,0.0,0.057439494316052775,0.0,0.05729142732920045,0.26258166141108424
2,50,24.0,24.0,14.0,17.005283016393733,7.0,9.338588887089436,4.101577808550486
2,90,182.0,192.0,30.0,40.22141185860813,10.0,17.19828086008434,85.03849131733449
43,10,0.0,0.0,5.0,8.666566787417738,7.0,10.039746605405993,6.82457897586726
37,12,57.0,61.0,22.0,26.307965031773165,9.0,11.973270713068057,8.194032375084703
132,10,0.0,0.0,0.0,0.3925436614915614,0.0,0.39220256270614917,2.6138158022549125
15,87,56.0,58.0,16.0,19.607833048495387,7.0,9.706979761531773,10.801297108542585
2,10,87.0,94.0,37.0,56.867299770727804,12.0,24.545236046291663,75.8223850758436
30,71,0.0,0.0,0.0,0.8421207252898066,0.0,0.7120848730893212,0.972006864256276
3,48,17.0,16.0,14.0,17.550225168604044,7.0,10.063785449724836,35.90134448980731
46,24,0.0,0.0,0.0,0.3646901938862068,0.0,0.4347438911074899,1.7730063822459727
2,10,207.0,200.0,40.0,68.1879544124377,13.0,29.227738715096645,98.82963846937095
2,51,92.0,101.0,31.0,48.90635909445115,11.0,23.27118699438467,72.07875970755862
2,80,315.0,315.0,40.0,66.37368486830611,13.0,27.549102269920354,83.4769567917925
17,71,86.0,89.0,21.0,24.75440821890995,8.0,10.752275528394534,25.82351561232641
2,44,262.0,266.0,39.0,57.59030832762312,12.0,22.795332498411454,67.00921356454121
150,10,0.0,0.0,0.0,0.0020298861690237757,0.0,0.0030155577003772027,0.025118557881377478
24,72,0.0,0.0,1.0,1.673921491625804,1.0,1.6970188161397535,3.072916129009426
2,27,19.0,16.0,15.0,17.63791870736783,7.0,9.301776757622033,12.285190608348827
2,36,315.0,313.0,40.0,51.35308826632115,12.0,17.748872306656065,24.556437007838973
141,48,0.0,0.0,0.0,0.1027035837237853,0.0,0.100483110265851,0.16118281936523157
2,47,121.0,138.0,36.0,57.50988237381803,12.0,25.232444108850256,84.75586680985154
17,84,171.0,181.0,25.0,30.055264603937218,9.0,12.311934246611916,39.15434062996571
150,71,0.0,0.0,0.0,0.10440033662250214,0.0,0.10158454883409251,0.5560950697771132
2,73,107.0,115.0,30.0,39.52671955160194,10.0,16.39418237465314,21.12950461457794
11,52,28.0,31.0,12.0,17.18364268200576,8.0,12.081522195807516,21.826589727007796
113,11,0.0,0.0,0.0,0.37111010926925037,0.0,0.3157900375900584,0.9869209374928947
150,82,0.0,0.0,0.0,0.03700721794486217,0.0,0.0291954963369907,0.19486065501975666
53,36,12.0,12.0,2.0,2.8140602560454804,1.0,1.6339848039429201,1.5402936376510183
25,74,16.0,16.0,7.0,8.414446911229666,3.0,4.140523800491321,9.69793729467622
11,10,47.0,47.0,24.0,29.63696988499136,9.0,12.769809711611467,11.063976077462515
30,64,66.0,66.0,10.0,11.578507005242013,5.0,6.173960090779669,17.082784144075585
5,90,30.0,31.0,14.0,17.637766137296367,7.0,10.200139310785477,25.110020780688338
27,10,46.0,47.0,12.0,14.115132354344512,7.0,8.56062218944887,6.7490425111331165
7,10,21.0,22.0,18.0,22.542468380986026,8.0,11.482210188713001,11.21475681959322
19,39,4.0,4.0,6.0,7.691000674096024,4.0,5.46632006600165,4.385868100746355
2,34,42.0,42.0,22.0,28.34538567343445,9.0,14.285288603223435,29.489744000787542
11,33,30.0,31.0,15.0,17.857209542591548,6.0,8.238264612919998,14.77866824011459
149,15,22.0,22.0,3.0,3.3199812855346433,1.0,1.2129789766649532,0.45510127995996935
2,26,234.0,239.0,38.0,51.930726700338305,12.0,20.65922018426044,49.31250257376979
19,90,214.0,207.0,31.0,33.797636850148436,9.0,10.65759465485721,7.589956747230673
2,90,247.0,251.0,40.0,65.90378837451894,13.0,27.599414944535237,62.18398924285682
21,37,0.0,0.0,0.0,1.3374069771687127,2.0,3.3188980427259542,2.968065735174553
6,84,315.0,315.0,40.0,51.49783574500197,12.0,18.0739631012631,38.34171908652037
14,45,0.0,0.0,0.0,0.9023421010053421,0.0,0.9607981244579316,3.163075872462293
26,89,93.0,94.0,30.0,33.874039141003,10.0,12.38936659092646,9.543618442610644
2,40,207.0,210.0,35.0,44.68632624321526,11.0,16.643375250984505,24.942849275217146
45,56,0.0,0.0,0.0,0.5956382527558075,0.0,0.5450053084476458,2.1332830197058037
21,42,249.0,243.0,27.0,29.783084771159764,9.0,10.615190713949566,23.645179782092242
63,19,36.0,36.0,10.0,10.878783444446327,5.0,5.578230293629804,1.2814579385931157
34,34,0.0,0.0,2.0,2.837143349483094,1.0,1.7698114313625273,1.4347914465955118
78,56,0.0,0.0,0.0,0.3162412466008855,0.0,0.26481450278991514,0.22227586535817132
10,90,74.0,70.0,22.0,24.20801665804008,7.0,8.489797528082615,5.457959051541924
11,90,67.0,68.0,24.0,28.456973977095732,9.0,12.13493884660397,14.600814905337113
149,28,0.0,0.0,0.0,0.10334985875317226,0.0,0.1072815022448581,0.05412566481807298
73,54,14.0,15.0,4.0,4.802803618388005,2.0,2.5911392786130065,0.9269208297141927
2,68,268.0,270.0,34.0,45.22399240064354,11.0,17.81379466356341,47.21949268491664
12,51,94.0,94.0,23.0,25.62759887379102,8.0,9.904915578517656,16.33389002093237
22,74,22.0,23.0,10.0,12.204002165498437,6.0,7.837111810655099,5.8702753062395026
2,74,180.0,188.0,33.0,46.54698964875166,11.0,19.77518263024907,78.51625659437504
30,24,69.0,69.0,21.0,23.422794067941087,7.0,8.632364458307979,5.731380510485508
40,85,89.0,87.0,14.0,15.049390733830938,5.0,5.654230810959883,3.514254554854056
28,27,21.0,22.0,7.0,8.59176218369064,4.0,5.2847375509364785,2.7853935869458426
2,49,55.0,54.0,32.0,46.01245206385937,11.0,20.67281382441749,38.83248240772759
37,10,8.0,5.0,7.0,7.5753641133810605,2.0,2.4471700036969173,2.840825529505529
58,28,67.0,70.0,16.0,17.80636720581638,7.0,8.200809845280336,5.177301235681232
2,33,282.0,281.0,40.0,71.87677983935436,13.0,30.439698201547017,116.79773377712795
2,87,315.0,315.0,40.0,71.3483811624669,13.0,29.763557630003945,116.49386769006313
3,10,20.0,21.0,20.0,24.934675856260228,9.0,12.92390586957066,15.508129829005345
4,64,205.0,201.0,30.0,34.2138713750013,9.0,11.713055280997652,37.917903294028555
2,26,209.0,211.0,38.0,57.7884431925998,12.0,24.238170573318,69.62053677920021
150,11,1.0,0.0,0.0,0.032125641818464556,0.0,0.013599265826045981,0.06824375166457616
127,62,0.0,0.0,0.0,0.21175350443505359,0.0,0.1651187541167216,0.4277886547304152
150,19,0.0,0.0,0.0,0.0558237258887202,0.0,0.07387715886712254,0.11906088582842853
2,51,44.0,45.0,23.0,29.829270774741797,9.0,14.225122031946775,28.47513211859031
150,62,0.0,0.0,0.0,0.017389463557232032,0.0,0.019806791238959898,0.058141202554160075
2,55,256.0,259.0,38.0,50.17626503233867,12.0,19.162623512125084,53.67444648838096
44,79,5.0,4.0,5.0,6.06843418510404,2.0,2.908403284446134,2.0533439708489722
120,70,0.0,0.0,0.0,0.27822902166969454,0.0,0.22927327725722502,0.7324333904600733
150,90,0.0,0.0,0.0,0.031006146348939723,0.0,0.0342241879720977,0.40187114946936847
4,88,115.0,136.0,28.0,37.97010488296801,10.0,16.588969040092216,51.88820093058033
140,63,0.0,0.0,0.0,0.35908773325450016,0.0,0.31577748807876893,0.8253694433136156
39,68,48.0,48.0,11.0,12.42412653675078,5.0,6.057119073096144,10.922501419827872
2,10,104.0,113.0,29.0,38.7559004207164,10.0,16.704077202412005,46.6235685278975
6,10,26.0,27.0,20.0,24.68879960127557,9.0,12.499065243110131,8.158415274394823
2,20,286.0,287.0,40.0,69.1029382877874,13.0,29.403173157470906,112.06732077870086
14,10,123.0,140.0,30.0,37.521580115428165,11.0,15.801054940937036,6.528999749945586
23,10,80.0,83.0,20.0,23.101964704875627,8.0,10.07396762540478,5.211897354852921
126,83,0.0,0.0,0.0,0.3706872791156379,0.0,0.3279900070610158,0.6792800158291814
28,10,38.0,35.0,20.0,21.62034433771784,7.0,8.104616206584225,2.9181285935680537
150,58,43.0,42.0,11.0,11.588632278474535,4.0,4.3374801996445385,0.5467968986970155
22,60,0.0,0.0,2.0,3.0071750943816555,1.0,1.9153514033570755,3.1655123323112906
37,26,10.0,12.0,2.0,3.299728152864459,2.0,3.1703404520473235,2.893481697785466
4,48,57.0,56.0,21.0,24.872817304652692,8.0,10.94159222554855,23.117592921751104
92,70,2.0,1.0,0.0,0.294655581676343,0.0,0.23241235710153751,2.093052311484227
91,10,0.0,0.0,0.0,0.3651654159426272,0.0,0.3359946063779313,1.27390702280041
35,16,66.0,71.0,16.0,19.241062071620412,8.0,10.211916417221701,1.561721265398055
29,36,47.0,46.0,9.0,10.42026661848179,4.0,5.088998839582517,4.224578535647184
150,23,1.0,1.0,0.0,0.259334219209165,0.0,0.19619762168111654,0.6109436992802242
70,10,0.0,0.0,0.0,0.4634231547188161,0.0,0.47033516982625323,1.1154093072831395
11,63,0.0,0.0,1.0,2.464353799257688,1.0,2.6298865956695554,6.627779948016998
37,55,9.0,8.0,8.0,9.27972422322534,5.0,6.012990688286395,2.6821058114581224
2,21,23.0,25.0,17.0,23.969803931272025,9.0,14.621918999718453,12.22529778890669
5,10,48.0,50.0,24.0,30.03642001668935,10.0,14.545832471379057,16.845700577252586
150,51,53.0,51.0,7.0,7.3008919141677575,1.0,1.1496016731138428,0.7503407449755075
2,22,277.0,277.0,40.0,64.66301512054036,13.0,27.387331878209622,87.5797341409448
2,52,289.0,286.0,40.0,50.408145641409206,12.0,17.917511148682255,79.24123107523035
33,60,0.0,0.0,1.0,1.6592963446743871,1.0,1.6109017979256997,0.864548711919205
14,48,0.0,0.0,4.0,5.966910532292621,3.0,4.908391536418063,0.8401227802387845
2,34,0.0,0.0,10.0,14.695305213764012,7.0,11.61261948405898,56.62294286860922
4,19,157.0,147.0,27.0,31.748282996998135,9.0,12.10407118518911,33.720857760019996
3,90,49.0,49.0,19.0,22.640917307235302,8.0,10.686487495945395,34.40737998860739
146,66,0.0,0.0,0.0,0.2115753954291233,0.0,0.16398518376103355,1.1644839236517979
2,30,52.0,53.0,35.0,57.260726506361564,12.0,26.28429731224558,89.1327774936991
10,89,53.0,50.0,14.0,16.3864327480539,6.0,7.699507988717645,5.590650380061361
2,10,36.0,34.0,27.0,35.48116763029809,10.0,16.677833607514337,21.85810996540073
2,10,277.0,275.0,40.0,59.81907220881313,13.0,24.400381008312785,41.93128156349827
2,61,106.0,109.0,28.0,35.865192246329514,10.0,15.494289154250799,54.66199019944473
2,10,62.0,64.0,27.0,39.47037096502321,10.0,18.65753081844783,21.764593991556712
2,25,75.0,73.0,33.0,38.72798928844894,10.0,13.620322083492923,22.11407496396977
150,38,0.0,0.0,0.0,0.13844413304591252,0.0,0.1253284248692781,0.786617033392295
26,10,114.0,118.0,23.0,26.18557127171976,9.0,11.085563083892069,6.206532679214425
2,53,295.0,297.0,40.0,67.04509764966419,13.0,27.91898918728652,98.50775203725469
2,90,49.0,49.0,27.0,38.36665661169344,10.0,18.29754716316797,33.12704534189234
150,22,13.0,15.0,2.0,2.4177768311141756,1.0,1.2733715167372042,0.17978451034035056
2,10,219.0,223.0,36.0,50.10421919256404,11.0,19.520238920590906,16.70083396952446
23,44,0.0,0.0,0.0,0.7544327339811083,0.0,0.7311953348511107,1.0397937463338964
2,35,96.0,98.0,39.0,64.70354592789853,12.0,27.79064229667215,104.5276753845313
7,75,32.0,31.0,17.0,19.722190304772088,7.0,9.211379208099856,8.487034149010652
28,19,60.0,62.0,19.0,22.011305300233367,8.0,10.112434043026413,7.077960370105908
146,16,0.0,0.0,0.0,0.04992162418111756,0.0,0.06497436563538361,0.30084866503774327
2,10,249.0,244.0,38.0,46.099007435623875,11.0,15.734423515120753,22.779589799633197
16,23,0.0,0.0,0.0,0.9498954496383671,0.0,0.9101502829169228,1.196700631276971
13,12,0.0,0.0,3.0,3.9025146396368053,1.0,1.8948340337357554,4.543952896237037
40,46,0.0,0.0,1.0,1.4116369525394694,0.0,0.3472179828459727,0.5007602009742547
150,34,0.0,0.0,0.0,0.09412319850526885,0.0,0.0824297369598781,0.5283971164484798
41,51,0.0,0.0,0.0,0.9832496252186691,0.0,1.0228311407760309,1.553784310820193
53,70,56.0,58.0,12.0,13.431179800935134,6.0,6.963339745346178,5.961324826525349
51,16,0.0,0.0,0.0,0.48392939879425767,0.0,0.5368497752781958,0.9842800670858689
23,62,86.0,88.0,18.0,20.472519050910464,6.0,7.7102702191333865,12.278613781101948
7,86,176.0,185.0,23.0,27.762178204147432,9.0,12.14303122076337,66.13099903571029
150,20,0.0,0.0,0.0,0.041423442833628865,0.0,0.028158037941788283,0.07340631525712712
37,75,61.0,59.0,15.0,16.272718193222715,5.0,5.889009088407654,11.587533407533556
2,13,151.0,162.0,37.0,52.8030644801738,12.0,21.805137310730167,49.98579644026374
150,27,0.0,0.0,0.0,0.11091601169974963,0.0,0.11394206514367866,0.20146927419940372
2,90,296.0,292.0,37.0,45.34373027098261,10.0,15.348984296985257,65.63415623347977
2,43,40.0,39.0,23.0,29.730831657811336,9.0,14.165480367500766,16.780069742332998
150,12,0.0,0.0,0.0,0.15681800214564046,0.0,0.1459283869145518,0.27057969610572824
2,10,188.0,198.0,39.0,63.163579794886864,13.0,27.37233689931209,62.91796933777491
10,28,303.0,302.0,39.0,46.887031347533636,12.0,16.19792088331488,13.366484465594045
2,25,242.0,242.0,40.0,60.597762963120566,12.0,24.46385877285234,80.21529151751582
2,10,210.0,212.0,37.0,56.39934566160762,12.0,24.239025667674053,81.6064809597292
56,15,0.0,0.0,0.0,0.2387435713359809,0.0,0.26287799499669307,0.7409077016339161
150,63,12.0,14.0,0.0,0.5655539861413219,1.0,1.4196269649806863,1.0800712234017675
24,50,0.0,0.0,3.0,4.023118501438022,2.0,2.8749751518439046,1.3526605297604601
2,36,200.0,199.0,40.0,62.61978535919036,13.0,26.177242772247272,48.936947101870636
113,84,126.0,127.0,19.0,20.156231034682364,6.0,6.58934355287151,1.6355666650382101
55,26,34.0,35.0,8.0,9.156052437747768,4.0,4.834267780188446,3.343979877414299
90,14,77.0,75.0,10.0,10.571633221082035,3.0,3.356917661565273,3.4464582536390522
150,63,0.0,0.0,0.0,0.15052145756373725,0.0,0.12067493718729572,0.2868976978020225
2,61,55.0,57.0,25.0,36.2152276921723,10.0,18.34347403869971,70.5338879427402
2,26,303.0,305.0,40.0,70.72521256638655,13.0,29.7797268123344,111.263794482514
2,24,78.0,81.0,32.0,43.04534884581601,11.0,18.448330977781318,41.78436977273973
9,73,271.0,271.0,37.0,44.2767024180485,11.0,15.221632571671107,61.471267659476304
2,58,22.0,22.0,21.0,29.220978558154755,9.0,15.67044116802716,41.51952489813798
8,10,0.0,0.0,0.0,1.6801343777571214,2.0,3.804255796882239,2.538196109063481
52,23,17.0,18.0,8.0,9.288980246051382,5.0,5.967581170793789,4.258830673653678
2,10,70.0,75.0,26.0,35.15302239761573,10.0,16.7702711988203,70.46963642806364
142,49,0.0,0.0,2.0,2.287045487730094,1.0,1.2003836625638151,0.6128535452231998
80,48,0.0,0.0,0.0,0.32102799136344773,0.0,0.35157137694154184,0.5273566301942887
2,26,54.0,51.0,23.0,26.088664898299225,8.0,10.330708746321635,7.856310042522068
133,16,1.0,1.0,1.0,1.3835214859411262,0.0,0.28563104753241797,1.070584807925615
2,85,86.0,88.0,28.0,36.28462597883564,10.0,15.611787198265201,23.209516824289057
36,46,26.0,26.0,5.0,6.21890145770991,2.0,3.0440357811673935,4.317518150217357
47,10,0.0,0.0,0.0,1.4019808838143142,1.0,2.67409290273267,4.5895166713614834
130,15,0.0,0.0,0.0,0.11143963768694554,0.0,0.14056005409391892,0.16308582362904775
28,53,15.0,15.0,3.0,4.19246483228598,1.0,2.0472063163941763,3.0884622996493065
150,10,0.0,0.0,0.0,0.021150658738912753,0.0,0.018010539585255225,0.07183879817634706
7,10,201.0,187.0,38.0,43.06794574432625,11.0,13.961679371803578,5.125854232347758
2,52,131.0,151.0,35.0,50.77482304441196,12.0,22.222475345670233,61.35351307022439
150,10,0.0,0.0,0.0,0.0083653884004391,0.0,0.009138285155300796,0.04125341462726669
2,16,315.0,315.0,40.0,63.82910718481496,13.0,25.640628577339225,68.14956881095434
150,37,21.0,22.0,2.0,2.3117650882798833,1.0,1.1945624220806026,0.4451445363758974
3,90,45.0,45.0,20.0,24.389521076183527,8.0,11.298674937724776,26.617857085977317
2,22,315.0,315.0,40.0,61.270544772911904,12.0,24.06518258288864,67.97718889441727
2,20,85.0,85.0,30.0,37.897805387788864,10.0,15.568730491327358,12.880747326250129
9,46,25.0,25.0,11.0,14.07042137566471,6.0,8.456395156999848,8.041699694215767
13,40,27.0,25.0,20.0,22.416544107894634,8.0,9.839708644421732,11.66098909061758
2,16,61.0,64.0,23.0,29.743364516020883,9.0,13.87733667339587,23.789539551598946
6,39,21.0,19.0,14.0,16.018741152435457,6.0,7.762105310528584,7.491833108571145
2,41,44.0,49.0,30.0,50.591921735919314,11.0,25.06762470965487,59.74424925186115
6,32,73.0,75.0,21.0,25.55948318590392,8.0,11.270067194601666,17.731863285231807
150,28,0.0,0.0,0.0,0.24488202654620794,0.0,0.1795268704032731,0.4945989590580206
2,46,58.0,57.0,32.0,44.47081184522984,11.0,20.071006136116548,43.51895759981324
51,57,7.0,8.0,5.0,6.695324331889772,5.0,6.3317257051072104,2.766858239833097
16,45,12.0,12.0,15.0,17.829770862737888,8.0,10.07301622529916,6.571378102509322
140,87,0.0,0.0,0.0,0.18444848300241223,0.0,0.12777939182714415,0.4235093829599496
55,21,0.0,0.0,0.0,0.3391500344405536,0.0,0.32689406527417586,0.4530564392815441
150,20,13.0,13.0,0.0,0.12579403550586465,0.0,0.07688403476998262,0.27210549212362006
2,39,183.0,179.0,38.0,51.297588634107655,11.0,19.49210315784004,41.26750296234255
104,48,9.0,9.0,4.0,4.487747523657424,1.0,1.3573429739624188,2.069681590696967
8,36,36.0,34.0,16.0,18.041572425401583,6.0,7.731680433934574,14.017004458474947
23,49,4.0,7.0,4.0,6.599020267296875,4.0,6.167430842261931,2.372410220086224
2,67,18.0,20.0,18.0,26.30894408165347,9.0,15.953426326684319,19.172203997457398
148,10,1.0,0.0,5.0,5.418602044636171,3.0,3.2971252167675527,0.3654988701431576
2,30,275.0,275.0,40.0,70.4997896526748,13.0,29.843850378005605,105.13928684919873
2,90,156.0,153.0,34.0,41.99706486729798,10.0,15.407046005422814,36.680286402435584
2,10,69.0,68.0,34.0,45.46095472683372,11.0,18.833210008958574,33.06547215178888
150,90,43.0,46.0,7.0,7.484615967067721,3.0,3.2794459414324963,0.40247036824982824
53,16,67.0,67.0,10.0,11.293462955954556,5.0,5.897502545820504,10.159788929164169
63,42,16.0,15.0,4.0,4.541442104792846,2.0,2.3834019925103984,1.0584658222754428
8,79,91.0,95.0,22.0,27.092064574920588,9.0,12.81877237524006,84.57268629604302
109,79,0.0,0.0,1.0,1.6857313807854228,1.0,1.5456122266891195,4.032210260771049
36,19,7.0,8.0,7.0,8.71658126675168,5.0,6.48586698259132,5.514419781945599
7,10,254.0,257.0,36.0,45.44202409286149,11.0,16.553931796070515,10.104181836282454
70,12,0.0,0.0,2.0,2.4609289757413064,1.0,1.366591184166978,0.8313318366707432
4,31,75.0,73.0,30.0,34.8032978239149,10.0,13.281133498885561,19.358577559252975
2,90,79.0,82.0,32.0,43.21664489320027,10.0,17.842943231142456,41.748639337978695
37,10,0.0,0.0,0.0,1.5185420319234235,2.0,3.668124437114912,1.8529981416971726
150,61,0.0,0.0,0.0,0.0757811029541644,0.0,0.07761377055922214,0.20536173018118228
81,58,18.0,18.0,7.0,7.903560232434204,4.0,4.62914223571603,2.830781966288909
14,18,124.0,125.0,30.0,33.883956663096185,10.0,12.585799371971573,35.718705360133136
2,21,84.0,87.0,33.0,42.32464711526821,11.0,17.302260151987774,37.020458823429614
33,64,171.0,187.0,29.0,34.23713361803217,10.0,12.812257049119308,4.138159831013288
65,90,27.0,26.0,9.0,9.871420052945176,3.0,3.637487522439174,3.99697624723786
150,17,0.0,0.0,0.0,0.09290623640510498,0.0,0.0903071021983406,0.08683946330704814
150,86,0.0,0.0,0.0,0.06295271519438761,0.0,0.04724167129647783,0.29568024939234244
2,17,293.0,298.0,38.0,57.3312938122005,12.0,23.27263882250002,75.6824541186871
18,10,17.0,16.0,12.0,14.357645450489825,7.0,8.823551303165283,2.0004458654939494
2,13,315.0,315.0,40.0,73.09539178303743,13.0,30.723297290123696,118.10967769337238
23,22,20.0,20.0,16.0,18.384145617894706,7.0,8.792343532284288,0.9735705331124753
19,41,37.0,37.0,13.0,15.462364365343902,7.0,8.882084588442028,25.11095964765261
2,10,281.0,280.0,40.0,53.854524927853035,12.0,19.993660465935918,37.05975802905752
29,51,43.0,45.0,17.0,19.872510825754155,7.0,9.105551614812278,6.428794309422104
131,90,0.0,0.0,0.0,0.26167014189059157,0.0,0.247444586492636,0.8497666388380429
150,90,24.0,23.0,3.0,3.214755716959222,0.0,0.11957178142022329,0.8160194178485232
36,24,23.0,23.0,7.0,8.286786500627445,4.0,5.021368311351983,7.827654961856968
134,76,15.0,13.0,1.0,1.269852157793493,0.0,0.19375412841328887,1.8332523793825453
2,20,280.0,276.0,40.0,57.325574916605774,13.0,24.255613025846706,108.87737921871178
17,90,287.0,285.0,35.0,38.94548964406468,10.0,12.260950179372353,39.549338310485886
20,11,27.0,23.0,15.0,16.373434982353597,6.0,6.984264212914557,6.008331477330119
2,38,315.0,315.0,40.0,70.14181473550366,13.0,29.139394563146013,111.53199744015984
32,36,0.0,0.0,4.0,5.131314067870846,3.0,4.035306523799882,1.6762124421794575
2,90,159.0,160.0,33.0,41.710442070077434,10.0,15.780902296995766,63.24433118978967
34,73,10.0,9.0,9.0,10.510214795598483,5.0,6.137405487205136,6.227435227567995
39,10,9.0,9.0,5.0,5.797586996642083,1.0,1.682088121010478,3.2041404977811916
2,10,27.0,26.0,14.0,16.729192593986625,7.0,9.289587798009897,12.217079508393487
150,57,0.0,0.0,0.0,0.0006682654423300072,0.0,0.0005087366894407364,0.02456438973911653
2,10,14.0,13.0,12.0,18.20842493902652,8.0,13.600160201547961,31.932736261406927
53,78,16.0,17.0,7.0,8.175582182989219,4.0,4.917100214633314,2.1080344379028846
2,79,58.0,55.0,19.0,22.35961160827491,7.0,9.59269288735473,38.19389154292779
150,33,14.0,13.0,6.0,6.3583121751168585,1.0,1.2194580752407282,0.45159312762787124
6,16,30.0,30.0,16.0,19.221265683301226,7.0,9.4502750764863,10.276901729684177
150,90,0.0,0.0,0.0,0.15883488410174906,0.0,0.15076878559307816,0.5428106500235887
11,10,29.0,33.0,16.0,23.13455808055454,9.0,14.284007702281475,11.467171488628534
2,22,177.0,191.0,33.0,43.757874107430155,11.0,17.912733056348863,34.71615021691401
2,51,49.0,48.0,24.0,29.352574513775696,9.0,13.060306260507794,36.30059678152314
19,74,281.0,278.0,32.0,35.57260216314786,9.0,11.183426864948672,28.721610002319686
2,23,45.0,45.0,24.0,29.978871813658145,9.0,13.40427140907865,11.914635522613777
27,25,0.0,0.0,2.0,3.241328468913314,2.0,3.094746559903863,1.3717534757840073
26,26,263.0,263.0,32.0,35.89790557070185,9.0,11.298990494364443,16.985883233658832
2,38,188.0,191.0,40.0,67.5283110986143,13.0,28.640281674270565,81.49010357994842
55,90,21.0,21.0,4.0,4.8399871626734114,1.0,1.6244359841817295,4.269074405370138
28,18,0.0,0.0,5.0,6.406248277077026,5.0,6.187098840082971,0.8657058020871085
12,30,72.0,73.0,25.0,28.991012277268414,9.0,11.724701737066189,8.95324972439554
52,34,137.0,153.0,20.0,22.312492351259483,8.0,9.44274116339474,6.304866650010563
143,38,0.0,0.0,0.0,0.2536651774140213,0.0,0.2798306120975458,0.39151992345884973
2,38,97.0,101.0,36.0,52.8553465673933,12.0,22.54375371300538,43.54305508294708
11,10,0.0,0.0,1.0,2.921205183236082,3.0,4.9354626546664395,2.8462040933863126
17,33,0.0,0.0,0.0,0.8526117840379626,0.0,0.9242602674152016,2.1984608267852903
128,53,0.0,0.0,0.0,0.07990827600243366,0.0,0.07465433104327501,0.23759013930230852
7,74,37.0,38.0,15.0,17.956355920243595,7.0,9.425549687402592,18.5569496579768
2,29,72.0,69.0,29.0,34.771749019594786,9.0,12.886667998421462,24.632273063560536
28,28,5.0,6.0,5.0,6.692507027247403,4.0,5.36997479022676,5.629161106888831
2,90,252.0,258.0,38.0,56.19816742340157,12.0,22.68468804918716,69.40983777972072
8,19,0.0,0.0,3.0,4.903638482940969,2.0,3.9106030875575337,6.2031382617612305
78,66,4.0,6.0,4.0,4.875804122142197,2.0,2.7021937125714874,1.749663367018584
29,37,58.0,55.0,13.0,14.161462753910353,5.0,5.82056441069224,6.3713820423547505
130,23,0.0,0.0,0.0,0.08316898378205528,0.0,0.08358983397274877,0.5476201939408998
61,69,0.0,0.0,2.0,2.6544296962930023,1.0,1.5605599246556674,7.124781533284956
29,36,6.0,7.0,3.0,4.392845001292157,2.0,3.2564943496304943,7.755362758432234
30,53,31.0,32.0,9.0,11.126739898538204,5.0,6.573665930757027,4.942519017749803
58,59,0.0,0.0,0.0,0.18957396351994937,0.0,0.17264988224642486,0.5619201586356193
10,10,44.0,45.0,20.0,23.556762729463923,8.0,10.506182815134093,7.43944787102272
2,66,61.0,60.0,18.0,21.715761506581806,7.0,9.758657170166614,16.633176288539477
37,43,3.0,2.0,3.0,3.760381894730558,1.0,1.6098644857893425,1.1209009983517522
2,49,224.0,225.0,34.0,45.70531360321102,11.0,18.325048935262878,17.17433356326034
143,74,0.0,0.0,0.0,0.2955708365755718,0.0,0.26145133487008665,0.2519247920605833
2,53,281.0,281.0,40.0,57.6643802995115,12.0,22.08711661687658,49.34926881081073
55,86,4.0,3.0,3.0,3.43061768911294,1.0,1.3037252322781367,1.0269775049673169
134,90,52.0,50.0,10.0,10.515803771475618,2.0,2.345020605409973,2.8499682824038
20,56,21.0,22.0,13.0,15.370694297162414,6.0,7.738493301103782,2.31218521523881
2,21,197.0,190.0,33.0,38.624928652578724,10.0,13.495731125680763,21.121333129419938
18,63,0.0,1.0,5.0,6.77891549543396,4.0,5.651089512908211,4.647319034461228
55,90,0.0,0.0,0.0,0.49162174458096985,0.0,0.45054091271305197,2.071958150068567
52,15,0.0,0.0,0.0,0.5076336396615106,0.0,0.46975591145284623,0.5592808690957485
2,54,255.0,255.0,38.0,47.6064186244265,11.0,16.73630490280079,31.882829628954493
16,10,0.0,0.0,7.0,9.338991676506335,5.0,7.214551012324921,4.8819326257398625
11,25,49.0,49.0,16.0,18.792301511002847,7.0,9.04703425492831,6.998924244289546
129,15,0.0,0.0,0.0,0.1786531388998429,0.0,0.209744057559359,0.20662864675099787
3,10,142.0,147.0,31.0,37.96063458903188,10.0,14.460147603057223,24.66237753614704
20,10,27.0,28.0,17.0,19.51382252911721,8.0,9.87717684245456,1.7126320144590008
66,44,30.0,30.0,7.0,7.7148386977225645,2.0,2.4985976165520887,1.6413297557478534
2,40,70.0,72.0,28.0,36.27286210794004,10.0,15.726931681183434,30.06555992771662
150,10,0.0,0.0,1.0,1.1998507021298686,0.0,0.12678399606438973,0.45321461386759293
4,52,79.0,79.0,20.0,22.974436561278857,7.0,9.168563161103041,34.923632808903974
4,15,51.0,53.0,22.0,28.345148818991966,9.0,13.575422448722001,7.326141574544344
144,59,0.0,0.0,0.0,0.18352760058725326,0.0,0.15368868757779852,0.5107343485973879
120,10,0.0,0.0,1.0,1.4368924546331687,1.0,1.349942224595931,0.2887125281650637
2,29,197.0,205.0,31.0,41.11370195273558,10.0,16.59289472191601,22.937221729636235
2,10,74.0,75.0,28.0,36.75692057039154,10.0,16.51610363542929,24.633776595117027
3,90,0.0,0.0,5.0,8.107633057570585,5.0,7.988758074787405,59.4960461907554
2,90,43.0,42.0,11.0,13.491152692428145,5.0,7.13656440637032,24.600518347499037
2,23,178.0,176.0,28.0,33.435180715957635,9.0,12.730084341031123,39.30431159470716
150,10,26.0,27.0,2.0,2.3229233219947245,1.0,1.2194088606144662,0.4331305694339422
34,10,0.0,0.0,0.0,0.6957993926140036,0.0,0.782451725600638,1.412196633725066
17,36,0.0,0.0,4.0,5.2046235304267405,3.0,4.18470778963251,2.916228741303394
10,19,15.0,15.0,12.0,14.828440139146883,6.0,8.41488546967393,11.142131282554091
128,10,14.0,16.0,3.0,3.8995636371686215,3.0,3.6400919870938346,1.5253033211394307
14,41,0.0,0.0,2.0,3.137727240178064,2.0,3.17783791962571,4.112017998198501
2,56,315.0,315.0,40.0,70.60275526597546,13.0,29.456935875761378,99.89646804457406
46,15,23.0,20.0,4.0,4.403217443603197,1.0,1.2852443837891496,1.5728984272409434
150,90,0.0,0.0,0.0,0.03707049095853199,0.0,0.03319879007556659,0.4615093279612867
2,13,0.0,0.0,19.0,31.889152394686533,10.0,19.958940143830453,29.71314821586478
30,90,93.0,94.0,20.0,22.272928875591706,7.0,8.467616398960558,14.048101518783474
24,10,50.0,48.0,11.0,11.950923736672515,4.0,4.725540533486562,6.875026163930923
150,11,0.0,0.0,0.0,0.04719501768958878,0.0,0.058938671781481045,0.2754588677076561
144,51,0.0,0.0,0.0,0.18216486943559396,0.0,0.15585061779026743,0.20500757137191325
2,90,55.0,57.0,22.0,30.744539450056045,9.0,15.62820087958249,40.90716553364603
16,33,206.0,200.0,30.0,33.44156513162514,9.0,11.08051493314071,11.755155597065354
2,16,38.0,38.0,30.0,42.97399058097931,11.0,20.571800251917608,24.927248501183634
43,50,1.0,4.0,6.0,8.05428695910475,5.0,6.7316646382477,5.403926707872747
2,27,139.0,141.0,32.0,40.656616478692584,10.0,15.716294360711771,44.3442422447754
147,59,0.0,0.0,0.0,0.18954854292702406,0.0,0.1891908148058341,2.8200784380956603
25,17,15.0,16.0,7.0,8.65478677149767,5.0,6.3490639302260945,1.5866711733977907
150,49,0.0,0.0,0.0,0.21859536237486488,0.0,0.1604667088940932,0.4516401157449729
32,29,24.0,26.0,8.0,10.194325640882075,5.0,6.72931292123931,10.553653709935642
2,10,279.0,281.0,40.0,65.50888258298264,13.0,27.648676761472686,90.98882485385583
47,62,272.0,272.0,32.0,35.61786794867861,10.0,11.905936633445958,15.690694785147485
2,12,117.0,129.0,36.0,58.84411549071709,12.0,25.816864566282746,45.360355597501325
19,68,88.0,89.0,22.0,25.272205323018586,8.0,10.23994727071813,30.653242080944054
32,90,0.0,0.0,8.0,9.333934742015508,5.0,6.044147904999219,2.6982288878882557
36,21,8.0,9.0,10.0,12.391989835372417,7.0,8.933511899482623,4.041537381345148
2,26,135.0,145.0,32.0,42.456765943880356,11.0,18.092936261897762,63.98268359014731
5,10,41.0,40.0,20.0,23.405216627585677,8.0,10.459968255351159,12.459622429710505
21,34,17.0,18.0,11.0,13.633462145614061,7.0,9.100255868212951,1.4972781002581002
6,10,13.0,12.0,11.0,13.772453182462137,7.0,9.209996237990678,8.10727582131584
127,69,65.0,66.0,10.0,11.08943489955968,4.0,4.68864762975298,2.87450257679638
74,23,0.0,0.0,0.0,0.6705254919951431,1.0,1.6017953027784055,0.5145227942209261
132,12,0.0,0.0,0.0,0.272212659624012,0.0,0.29022219703957775,1.161370783938061
2,90,292.0,291.0,40.0,55.46490239115405,12.0,20.62000253570998,47.092537415382054
2,15,24.0,26.0,14.0,19.578989148975797,8.0,12.744126807255073,19.623472558704446
2,10,279.0,279.0,40.0,61.93520627675084,12.0,24.78166055088937,84.87310615269635
2,35,315.0,315.0,40.0,68.80937157188731,13.0,28.857584025913546,96.51958239991829
2,86,91.0,97.0,26.0,34.183538643776345,9.0,14.940705225913122,53.947239354303825
2,10,24.0,27.0,18.0,26.333774344136902,9.0,15.501074882005902,19.417190512698177
2,51,276.0,272.0,39.0,48.71346766234787,11.0,16.813947599858462,47.430392291482114
67,10,0.0,0.0,0.0,0.23510196642527625,0.0,0.23932658420910125,0.9190503416696296
11,59,0.0,0.0,4.0,5.458853305007397,3.0,4.464465951089073,13.536857281652951
2,10,80.0,78.0,35.0,51.68784568144536,11.0,21.706669819590175,39.92246389121786
20,25,13.0,14.0,9.0,11.785250446183161,6.0,8.280135568267303,2.189145699379071
45,90,0.0,0.0,1.0,2.3860240477534362,2.0,3.4340691865682254,16.533832899899807
8,79,6.0,6.0,7.0,8.721902781715542,4.0,5.523022643112769,3.8495330077068757
2,90,126.0,127.0,32.0,38.961292280963654,10.0,14.348121027068357,58.00805037145875
51,90,0.0,0.0,0.0,0.3607307018649857,0.0,0.3277202030608881,0.8245709542075377
23,37,0.0,0.0,4.0,6.4957225864742805,5.0,7.167670428969754,1.800786197153203
21,22,0.0,0.0,4.0,4.844793312807175,2.0,2.7936923311061825,5.293133135015696
17,87,164.0,168.0,22.0,25.86976895742491,9.0,11.667027958112065,42.63178719686352
2,82,137.0,142.0,33.0,44.310995017365045,11.0,18.609560672562537,51.63815092189049
12,10,29.0,31.0,12.0,15.327601754788127,7.0,9.587286861906746,15.367471374378336
13,60,10.0,11.0,8.0,9.812807673013484,4.0,5.501482316269254,3.3481795957440768
2,31,254.0,258.0,39.0,58.07763561818429,12.0,23.06266319807191,73.49356581459804
9,10,133.0,153.0,25.0,31.562458100660347,9.0,13.50777182113744,19.5759534192287
17,10,45.0,46.0,13.0,16.093986346633574,7.0,9.461515882968797,7.773480945345346
13,71,43.0,45.0,17.0,20.26259037886831,8.0,10.54263894506188,13.804128321677757
150,66,0.0,0.0,0.0,0.018027369503846202,0.0,0.01846006800338862,0.20104821202331188
2,26,131.0,134.0,35.0,41.446538174964054,11.0,15.008646789343615,11.168874264687476
67,28,2.0,2.0,2.0,2.684941105826754,2.0,2.530607948680178,1.2705403543791114
150,63,0.0,0.0,0.0,0.07415326412789525,0.0,0.05814120285232027,0.543278269424655
15,68,65.0,66.0,20.0,22.603796826952678,8.0,9.900553833630214,11.306681586379021
126,52,12.0,13.0,3.0,3.5533154931766875,1.0,1.4406209086143649,1.097857854416982
14,56,0.0,0.0,4.0,5.049751749802609,1.0,1.9611691093891053,3.5598506212282444
2,19,63.0,66.0,34.0,50.107871773859955,12.0,22.581309563442545,54.34277773063721
20,15,0.0,0.0,3.0,4.476329786539646,2.0,3.2826057361687995,1.9903563116206087
10,90,0.0,0.0,8.0,10.565241682518053,5.0,7.362432535503604,17.942581767207184
2,10,315.0,315.0,40.0,68.23079375249212,13.0,27.932412028516342,71.02679491191947
67,59,0.0,0.0,0.0,0.174023687276049,0.0,0.16475551806534194,0.128633962513218
150,51,0.0,0.0,0.0,0.005941123501010059,0.0,0.009211129972017895,0.08532393864453322
3,18,17.0,18.0,11.0,15.33821818333778,7.0,10.487440409025194,1.1866683986520932
28,84,0.0,0.0,1.0,2.2148413994858327,1.0,2.251003515464005,5.814439734233798
2,69,304.0,306.0,40.0,62.00011091228643,12.0,24.56993725442191,108.79064165679013
38,16,0.0,0.0,2.0,2.5582428256897902,1.0,1.5053770388962966,1.644260107858749
4,40,93.0,98.0,29.0,36.46326020810798,10.0,14.917425086991935,46.993775773754805
31,90,40.0,40.0,8.0,9.546122577102745,4.0,5.1365867431990395,4.105788631375673
50,10,34.0,34.0,12.0,13.174333787279979,5.0,5.784702562902414,1.3492770026926162
24,43,22.0,20.0,12.0,13.359065581995555,5.0,6.057175851042741,2.7703242596604123
96,13,0.0,0.0,3.0,3.6311304817576584,1.0,1.4944366871855996,1.5470875925726792
2,80,41.0,41.0,24.0,28.517090905831274,9.0,12.471002555601473,7.034121879828042
5,10,157.0,155.0,28.0,33.04666730531586,9.0,12.266997423299468,8.953573030712828
16,34,266.0,267.0,34.0,40.49309613275748,11.0,14.549290334694414,24.685041562432104
74,56,135.0,149.0,16.0,17.582340269722106,6.0,6.9532619017280375,3.699354494754792
5,38,214.0,220.0,35.0,44.65220832231738,11.0,16.96867280019864,23.835592808526425
127,33,0.0,0.0,0.0,0.23778019479056156,0.0,0.18767130573052504,0.5217962337207851
21,10,0.0,0.0,8.0,9.975711774351918,5.0,6.5901040379620515,1.0254473592283873
54,90,25.0,23.0,5.0,5.489893495478555,1.0,1.3519411824103347,1.59571333258007
2,72,99.0,100.0,31.0,40.73864307935126,10.0,16.91529636131829,58.93078748458657
2,84,43.0,43.0,21.0,25.23595850503709,8.0,11.24451344426768,8.679866054093416
75,50,0.0,0.0,1.0,1.7587055162068934,1.0,1.65008528470618,1.9518255813384333
2,26,247.0,242.0,36.0,42.88616631640322,11.0,15.011259246108535,30.624368864249266
2,44,293.0,292.0,39.0,50.83399750450186,12.0,18.957666422300107,54.72641440495146
2,18,23.0,23.0,13.0,17.065462177848325,7.0,10.799893480967595,30.443075518578375
136,34,0.0,0.0,0.0,0.12076597574493375,0.0,0.11592890466357009,0.3587855884952495
2,12,41.0,41.0,22.0,27.978970423945476,9.0,13.931037037406679,44.88061609169986
31,62,0.0,0.0,4.0,4.803171637564404,1.0,1.6191200241668906,2.8068969669123494
53,28,0.0,0.0,0.0,0.4163786506929372,0.0,0.4275433205986825,1.519866640916101
2,10,77.0,80.0,27.0,35.884594806476265,10.0,16.517431436781095,15.67753793756129
148,81,0.0,0.0,0.0,0.07552658965440551,0.0,0.0600022290740585,0.22774681925370752
89,57,0.0,0.0,2.0,2.726982955376159,1.0,1.6071854718755978,0.35434329726328245
150,55,0.0,0.0,0.0,0.018798014819929598,0.0,0.02787902603969994,0.14016870768900033
150,31,0.0,0.0,0.0,0.07824691892088875,0.0,0.08181485832071966,0.7853014039437625
150,10,0.0,0.0,1.0,1.2681367628008673,0.0,0.19026476902407352,0.21200437218321652
2,65,94.0,97.0,25.0,33.20807628971629,10.0,15.76221574680558,67.6113851203669
85,79,0.0,0.0,2.0,3.0470642631635636,2.0,2.8608434028929235,1.1523325213800568
6,54,1.0,0.0,6.0,7.623019592307234,4.0,5.432825102170005,1.4863812283541709
150,69,7.0,7.0,0.0,0.27120061113209415,0.0,0.20281299568586508,1.7907395991495965
22,90,133.0,141.0,26.0,29.712161213610685,9.0,11.480305192825242,26.47221523996042
2,12,0.0,0.0,12.0,16.00165803221598,7.0,10.711999224782637,23.985063503461266
5,10,76.0,79.0,20.0,25.16071414398226,8.0,11.778550216007051,20.571013613458135
2,64,315.0,315.0,40.0,62.820245096353226,13.0,25.18053882443624,88.6382702086851
125,62,0.0,0.0,1.0,1.370647161010705,0.0,0.31728598691486254,1.6741494215657804
29,10,64.0,62.0,21.0,23.147385934593174,8.0,9.419344043589177,12.611385228375305
2,10,21.0,23.0,28.0,47.20052622145181,11.0,24.429374666021047,72.18683170865285
2,11,315.0,315.0,40.0,51.297974730905025,12.0,17.743370508008134,75.45515310614438
2,33,112.0,107.0,40.0,54.823553529950395,12.0,21.272217586462176,46.69128051673132
85,72,48.0,47.0,9.0,9.750717648894929,4.0,4.478437240275184,2.6612019362529886
42,10,0.0,0.0,0.0,0.8767541781457666,0.0,0.8980675028718019,0.7232950165247871
46,10,51.0,50.0,13.0,14.19846188739193,6.0,6.764137792125556,1.0145148689857848
65,21,3.0,1.0,3.0,3.416435183835045,1.0,1.327992275336738,0.5308239786978177
2,70,226.0,231.0,36.0,55.56511432175159,11.0,23.34041872948263,98.328045066967
22,90,42.0,43.0,9.0,11.260790231975422,5.0,6.751601470706358,14.780398871890801
36,71,251.0,252.0,19.0,21.347984424108954,7.0,8.554936824048594,20.858525292715893
144,34,12.0,11.0,2.0,2.3303237466366378,1.0,1.2191985948253485,0.2989433704543433
2,10,50.0,53.0,23.0,38.7869285554995,11.0,22.331591487422518,47.83261539209085
150,42,0.0,0.0,0.0,0.08963838658618117,0.0,0.08909607404224373,0.41671504942071563
150,23,0.0,0.0,0.0,0.0050695002490928065,0.0,0.006563638935724869,0.03502358879657926
145,67,0.0,0.0,0.0,0.1957407652023755,0.0,0.151540357276285,0.2274386113761959
58,90,54.0,52.0,8.0,8.626242590493472,2.0,2.3921770478529236,4.145515849107106
150,71,0.0,0.0,0.0,0.10351716608325434,0.0,0.07509912944557762,0.3249869883058966
9,68,62.0,63.0,18.0,22.02045349730922,7.0,9.994881747134954,27.45362539845194
91,81,22.0,20.0,7.0,7.570164296194999,3.0,3.3748435787675577,1.724069040319728
2,45,33.0,36.0,21.0,31.603777911829248,9.0,17.13170369808003,35.24741759318883
5,19,83.0,84.0,20.0,24.095728003462302,7.0,9.867374559390273,12.847324570233095
34,35,0.0,0.0,2.0,2.859410436607392,2.0,2.7459285786423413,1.4497454121913749
31,37,12.0,13.0,8.0,9.818807184315093,5.0,6.491513307389079,7.145394853994139
2,31,61.0,62.0,29.0,39.42476351114751,11.0,18.68756840813814,48.28943964130527
18,38,0.0,0.0,7.0,8.120844634057207,4.0,4.930542631507305,2.6687184548042344
17,87,0.0,0.0,7.0,8.683563439016634,5.0,6.691460097711709,2.7528879540153977
15,67,73.0,75.0,14.0,17.607518516782427,8.0,10.773852532510709,27.674376335728116
36,25,0.0,0.0,1.0,1.7788488717434392,1.0,1.6624248566010378,0.4300282918968465
2,78,55.0,53.0,21.0,25.353949100584256,8.0,11.42025969611812,20.079011012822374
150,10,0.0,0.0,0.0,0.02885847938695818,0.0,0.027999383754690577,0.18899271726984931
28,11,27.0,26.0,10.0,11.357907222085819,5.0,5.951854376031902,4.04703680855791
50,10,0.0,0.0,2.0,3.087051782796735,2.0,2.9467545183374915,2.4441698600660033
24,30,0.0,0.0,4.0,5.177043521166178,2.0,3.052632381192716,5.772267779006097
11,30,43.0,43.0,16.0,19.194280317624433,8.0,10.345648759022184,12.676704060212398
4,63,93.0,94.0,32.0,37.88226073624976,10.0,14.339370273738261,21.36579170584803
2,36,277.0,276.0,40.0,66.87390011948057,13.0,28.254877293982133,111.41843068697445
2,14,70.0,70.0,31.0,47.71622168641501,11.0,22.335129844610577,62.12166333087857
2,12,116.0,122.0,34.0,49.411641407732674,11.0,21.18681759487163,63.18270385777874
150,41,0.0,0.0,0.0,0.029649599299290452,0.0,0.025532984464065933,0.16321958102227893
2,10,39.0,41.0,19.0,25.908397136400794,9.0,13.95346663267867,2.608648463843114
2,73,12.0,11.0,12.0,16.140399100286405,6.0,9.987427793252955,63.95078847656779
2,58,97.0,105.0,34.0,49.82546594995297,11.0,21.107755165664273,46.021761800604686
48,10,57.0,60.0,18.0,20.49793190440612,8.0,9.683642564561874,3.9160927989750527
150,32,0.0,0.0,0.0,0.09886428156813376,0.0,0.0937220132366905,0.3620905854846798
28,84,0.0,0.0,4.0,5.073382094620346,2.0,2.918463415504468,3.15711925791758
150,20,0.0,0.0,0.0,0.17058869468705407,0.0,0.1398800287192219,0.23846331558888087
2,63,163.0,145.0,32.0,35.84770054855565,9.0,11.718172116478321,37.65344682347862
150,68,40.0,40.0,5.0,5.460096062551481,1.0,1.3000044434389944,0.8644453708662514
21,42,17.0,15.0,7.0,7.996961062552044,3.0,3.804476981041141,9.001343112088506
39,27,44.0,43.0,12.0,13.626615105112153,6.0,7.120742788214913,2.494779177324772
10,21,5.0,4.0,13.0,15.23205329453095,6.0,7.803723266436236,3.006442552644945
53,34,20.0,22.0,7.0,8.596658123728032,5.0,6.197892050049104,5.0889343049891655
52,80,8.0,7.0,7.0,8.003921269116471,4.0,4.738524450639416,2.113602467113033
43,24,48.0,51.0,6.0,7.746479829101414,5.0,6.339203597693876,6.900641405211409
36,10,45.0,44.0,18.0,19.664755935848714,7.0,8.067993978824362,3.204219080871592
14,66,113.0,109.0,28.0,31.01185057245718,8.0,9.88612437967078,12.919567819148874
150,86,26.0,27.0,2.0,2.402279823273246,1.0,1.2588081380313816,2.3518642242901167
95,90,138.0,151.0,16.0,17.23863944186048,6.0,6.714265236723071,3.3842001178161305
34,33,51.0,49.0,11.0,11.83650568063619,3.0,3.569189709844934,1.0002933303695258
118,44,53.0,55.0,9.0,10.139260975117864,5.0,5.734563177121651,3.4458969326150455
2,12,10.0,9.0,17.0,23.322046390645685,8.0,13.46342793207027,35.665294394793015
33,52,77.0,78.0,22.0,24.808900326526754,8.0,9.866282864549536,9.102705361659517
2,61,54.0,55.0,26.0,32.96192020390063,10.0,15.025488953061636,22.81134998193449
126,38,26.0,25.0,4.0,4.457503213302073,1.0,1.2915866292022902,0.5762947633607878
32,90,62.0,61.0,18.0,19.96054221690516,7.0,8.302895397603645,10.605946809190684
150,50,0.0,0.0,0.0,0.08058140297490501,0.0,0.060423297494384576,0.12841532070314707
8,66,84.0,83.0,23.0,26.423361976110314,8.0,10.492584280763937,26.53964975494779
150,10,2.0,3.0,1.0,1.2956829819964717,0.0,0.2054932554499893,0.44743332396605034
67,36,67.0,69.0,8.0,8.977208329850502,3.0,3.691800933353841,9.851469012866534
142,73,0.0,0.0,0.0,0.29610750902733995,0.0,0.21856006598516675,0.31017431955672053
2,45,220.0,215.0,36.0,43.88943728678666,11.0,15.845856688552562,48.57419518655837
9,26,84.0,82.0,22.0,24.27516876351953,7.0,8.500210648327725,2.189915533696466
10,75,24.0,23.0,6.0,7.350452219356551,3.0,4.160215247293141,6.233649099527013
24,48,0.0,0.0,2.0,3.134246052037099,1.0,2.1429377519960155,4.559250041052549
2,64,227.0,231.0,37.0,52.75664771010311,12.0,21.44344867667107,37.1864348660613
2,61,113.0,121.0,29.0,36.734209517254804,10.0,15.10327034233637,37.37299303034651
143,15,0.0,0.0,0.0,0.05075370306295168,0.0,0.05671188427305496,0.13905877305807698
9,67,41.0,41.0,17.0,20.26559273760283,7.0,9.382753967199717,3.0483872376898904
17,14,16.0,17.0,14.0,16.505537952144273,7.0,8.986984548628739,4.1375382735513435
2,31,290.0,286.0,36.0,42.31623496243826,10.0,14.062525486941569,53.41204642962999
2,76,243.0,242.0,39.0,58.44238131390054,12.0,23.642564020163128,93.80494107506523
13,38,29.0,28.0,18.0,20.280825728683215,7.0,8.708744574103209,4.43185101886738
10,50,18.0,19.0,14.0,18.558575368395058,8.0,11.55644515457499,17.290455683933345
2,62,289.0,291.0,40.0,65.14768803781614,13.0,27.002220516730752,99.54380394584626
11,58,27.0,26.0,16.0,18.586254383845027,7.0,9.085820090204571,27.956472789152613
71,35,11.0,10.0,2.0,2.3445199086296045,1.0,1.2236336461685928,1.2152323602811719
24,35,21.0,21.0,7.0,8.294886081604982,4.0,5.009755295392239,2.5381953463855984
114,20,49.0,52.0,12.0,13.852917209002598,7.0,8.131374323332935,3.679357944860373
80,61,0.0,0.0,0.0,0.2045651457620412,0.0,0.17867572207870697,1.04759142292249
15,22,13.0,12.0,8.0,9.738189704436786,4.0,5.483239010716632,6.755620566691438
17,49,32.0,33.0,13.0,15.398402060284015,6.0,7.906764850647646,5.841559912687424
2,10,0.0,0.0,11.0,14.733176672278809,7.0,10.335364295603979,9.032179832027655
2,47,99.0,110.0,28.0,44.501831495003735,11.0,22.415602904207997,99.20562104869232
2,90,280.0,279.0,39.0,55.290322230163326,12.0,22.009816075189107,68.96183803435498
80,25,0.0,0.0,0.0,0.14906432100803624,0.0,0.15868095155176531,0.18536024375240953
27,35,5.0,5.0,5.0,6.235694282177242,3.0,4.076233576347678,2.8291311097575806
10,68,39.0,39.0,17.0,20.24493049622552,8.0,10.376382287186534,31.78736245570065
2,70,78.0,80.0,32.0,42.592742540101796,10.0,17.365398414589755,36.50173249390361
23,58,0.0,0.0,0.0,0.8348304191925586,0.0,0.8094038827798107,1.4981717355361068
132,38,0.0,0.0,0.0,0.27079595535155687,0.0,0.22929052000250572,1.569246548744493
150,21,0.0,0.0,0.0,0.20148664464036936,0.0,0.1801263539307565,0.3159054372617555
28,63,237.0,237.0,25.0,27.553464634688996,8.0,9.677203253820306,19.994948285725933
19,20,25.0,22.0,12.0,13.240425809778376,5.0,5.939801313502907,1.4801306385221245
2,10,0.0,0.0,5.0,7.54258312875479,4.0,6.619994045258258,7.928934724724158
150,32,0.0,0.0,0.0,0.1778657288349701,0.0,0.13256421259050244,0.5220797804707356
2,10,0.0,0.0,1.0,4.682629469739091,4.0,8.30224415278258,5.437199675594052
145,59,0.0,0.0,0.0,0.49127644012370797,0.0,0.463121273799429,0.8291868619101899
36,78,150.0,155.0,28.0,30.213372764077462,9.0,10.218355102062947,1.1825742610745085
12,30,21.0,22.0,14.0,16.91887666802246,7.0,9.279013031507528,3.963482841996368
150,85,0.0,0.0,0.0,0.012718657053262916,0.0,0.014369568954105683,0.027157238127245763
2,12,48.0,48.0,16.0,19.628813194382406,7.0,9.798665109503972,34.452239063619
2,48,245.0,245.0,38.0,51.84720953486796,11.0,19.5866219985611,44.34363921740972
25,39,12.0,11.0,5.0,6.289789495694549,2.0,3.064579468161457,10.1258529353226
62,49,46.0,45.0,7.0,7.720452447776173,2.0,2.4646280364762134,0.8888437119926937
19,84,13.0,11.0,8.0,9.297549895936786,5.0,6.045087334649129,17.31438781807014
8,61,23.0,24.0,13.0,17.252975789439915,8.0,11.491130518540919,20.26928158755442
2,70,315.0,315.0,40.0,69.43847367109001,13.0,28.45219535186692,94.67899159227402
17,10,259.0,263.0,34.0,40.0556783802226,10.0,13.55541429690291,9.22209101089224
24,84,87.0,88.0,18.0,20.134561744821482,7.0,8.449506342558532,6.981149000937623
51,25,0.0,0.0,6.0,7.215162641476201,4.0,4.893738094833721,0.7235794358430951
2,10,138.0,152.0,37.0,53.68575284756203,12.0,22.606451307273424,33.409351831124226
2,90,28.0,28.0,16.0,19.97123850558786,8.0,11.22170131776972,21.322079223886234
2,54,268.0,265.0,40.0,50.014585284301404,11.0,16.649692342409473,9.851280672604505
49,22,20.0,22.0,6.0,7.406536357159746,5.0,6.138966083343647,0.6937230647114851
137,49,0.0,0.0,0.0,0.1883327446696914,0.0,0.1783938305323165,0.8473046915589482
2,18,114.0,119.0,38.0,57.9892650579685,12.0,25.121643683421013,85.11739844655001
63,58,0.0,0.0,4.0,4.529736027015019,1.0,1.3880798497218634,0.346200950765211
133,68,0.0,0.0,0.0,0.45733971638828175,0.0,0.36037810253614344,2.0777756289545946
15,60,54.0,54.0,19.0,21.895555318881314,7.0,9.184309775784255,21.06907771187774
2,10,35.0,35.0,19.0,25.75099524279831,8.0,13.480612921393792,25.776176311301864
2,19,57.0,55.0,28.0,33.56561346268421,10.0,14.174304309968498,37.61387621791408
2,16,315.0,315.0,40.0,64.57731953683995,13.0,24.88690979187892,47.690105773606255
87,10,0.0,0.0,0.0,0.31240790950176,0.0,0.27593087676090233,0.5296406228310453
2,57,304.0,303.0,40.0,50.42575627611448,11.0,16.858403171735567,43.92971997652259
5,68,248.0,249.0,35.0,43.44935927440539,11.0,16.02123876869718,14.610171160582706
23,15,21.0,24.0,9.0,11.723211807664022,6.0,8.189263638068008,6.592331130517335
59,48,0.0,0.0,0.0,0.30378091911948846,0.0,0.27485159309861706,0.9902351886689709
15,27,49.0,46.0,18.0,20.39544759878725,7.0,8.681408348739046,8.795222547901828
11,85,250.0,251.0,35.0,41.06790213521981,11.0,14.437061203942832,10.044770469334537
150,90,0.0,0.0,0.0,0.0035433646201301627,0.0,0.0033759774193857783,0.11677669063179394
2,26,23.0,24.0,25.0,38.73726965446269,10.0,19.90669773254022,16.3016852193092
150,90,0.0,0.0,0.0,0.09081257071554583,0.0,0.06822537928954353,0.10093142035194688
22,89,62.0,57.0,22.0,23.935148796986105,7.0,8.292145378816558,9.992986256661355
18,10,39.0,42.0,14.0,18.018253047801153,8.0,10.972539393515518,6.186329583003418
36,87,0.0,0.0,1.0,1.605299047960432,1.0,1.6005641874391674,8.64929764729799
2,42,53.0,53.0,26.0,32.183105523883924,9.0,13.531759666680962,17.01243736288656
150,31,0.0,0.0,0.0,0.03148967585135454,0.0,0.02287786461612873,0.15540141785294034
2,90,74.0,76.0,26.0,33.35266000816564,10.0,15.17569879961022,50.08756369240421
149,23,0.0,0.0,0.0,0.20564598917572519,0.0,0.15178908687810155,0.3436726298790433
2,49,25.0,23.0,14.0,17.83156439486535,7.0,10.499284685304495,32.19880583942769
45,90,0.0,0.0,6.0,7.318586384413356,4.0,5.108691683328159,3.477605266148562
62,90,53.0,54.0,9.0,10.250426617460679,4.0,4.866817196770896,3.2858910779871215
34,10,0.0,0.0,2.0,3.186003152450702,2.0,3.0647860429812446,1.455220492966132
22,44,96.0,94.0,20.0,21.584794811466846,7.0,8.086203509777713,4.4561558215234065
28,15,6.0,4.0,4.0,4.685572042084984,2.0,2.6030816670129617,1.6809211818237384
22,90,0.0,0.0,5.0,6.396270957630559,3.0,4.285769424774372,7.790994461628054
29,90,114.0,120.0,19.0,21.181352688513716,7.0,8.533637426831511,10.104600548711218
118,66,0.0,0.0,0.0,0.354739343556012,0.0,0.29795067668996644,0.8747893919389458
45,23,83.0,84.0,16.0,17.56130631450044,7.0,7.9577003493991185,1.7471362352649615
70,90,0.0,0.0,2.0,2.5855826441033356,1.0,1.4847960702136342,2.244151353207398
20,51,51.0,50.0,16.0,18.384732266768818,7.0,8.739239889161537,10.83762942891683
2,10,112.0,115.0,35.0,46.42754195741306,11.0,18.957759020150952,47.44703938420623
2,10,95.0,97.0,30.0,37.916934811059235,10.0,15.49523269150193,52.05013195999334
2,10,254.0,254.0,36.0,45.044383404526386,11.0,16.658767127592018,36.56042302653036
40,45,44.0,44.0,8.0,9.176074336404293,4.0,4.8748134751900976,6.295416540845797
23,61,208.0,215.0,28.0,33.68453358731938,10.0,13.738168826804966,42.353281168400194
23,70,0.0,0.0,0.0,0.5830158087399235,0.0,0.5634396424468324,3.385163864068756
2,25,190.0,197.0,37.0,54.6431247349761,12.0,23.327454429179728,96.16231763894419
148,88,41.0,42.0,4.0,4.604993381715498,1.0,1.4189369681012618,3.2538227980583607
42,56,54.0,56.0,10.0,11.833258824978795,6.0,7.203549810350454,4.590910749686044
2,60,104.0,104.0,29.0,34.778167187043465,10.0,14.044970876457135,40.00900441811091
74,44,0.0,0.0,1.0,1.7673298187566078,1.0,1.646060481546344,0.5253992060164896
6,52,233.0,238.0,33.0,41.98336814116314,11.0,16.31055746298204,20.89931646248687
2,29,315.0,315.0,40.0,63.09396193164949,13.0,24.610689660049424,89.83439967297451
22,56,36.0,35.0,13.0,15.245144344501483,6.0,7.6350452130646005,6.116002124147779
22,71,26.0,27.0,12.0,14.530042992538768,6.0,7.947502930860514,14.781093975760253
7,33,0.0,0.0,11.0,14.117871891926036,7.0,9.689183883970138,1.716787850489582
18,25,76.0,78.0,20.0,22.786437529234522,8.0,9.901904945315842,7.631353922287007
21,90,82.0,80.0,18.0,19.897463270311064,7.0,8.32766579683082,18.327714508510905
150,10,2.0,2.0,0.0,0.32516758091215925,0.0,0.251731184146198,0.6065631066154793
150,35,0.0,0.0,0.0,0.10195828363579595,0.0,0.10218114170796011,0.5279078549903211
129,54,0.0,0.0,0.0,0.11315972432919086,0.0,0.13534415515075882,0.18495573607216717
45,34,40.0,41.0,9.0,10.315261150163227,5.0,6.042138634414611,5.29525332071413
12,66,47.0,46.0,19.0,22.13408733001931,7.0,9.314474517304381,18.6122950205761
14,47,46.0,45.0,18.0,20.488181060823305,7.0,8.981398528361247,14.254712478399286
24,27,34.0,36.0,13.0,15.921068133015888,7.0,9.166945658882256,1.6320542111316407
2,68,101.0,104.0,28.0,34.39437152798703,10.0,14.526400181925034,64.95041873420476
150,15,0.0,0.0,0.0,0.006645483210232506,0.0,0.007736130860893642,0.02578453575203562
150,42,0.0,0.0,0.0,0.07282100148513182,0.0,0.05899208319688998,0.16644384914573404
137,90,72.0,73.0,11.0,11.847571589987504,4.0,4.535357658372949,2.939044418000692
68,10,46.0,44.0,14.0,14.762292334690283,5.0,5.48894694463254,0.8864039257773932
48,20,2.0,3.0,4.0,5.096411951821112,2.0,2.8653884632422706,2.6174958815517995
19,17,0.0,0.0,4.0,4.966224997315074,2.0,2.8950531064938954,11.301544371014312
127,90,33.0,31.0,5.0,5.37415392074775,1.0,1.2852417748607787,1.0004400398557762
46,28,2.0,3.0,4.0,4.978534386942329,2.0,2.8026720715535625,3.0796386184855
74,90,0.0,0.0,0.0,0.6558098483334331,0.0,0.5855993925680387,4.317669496778374
31,60,36.0,38.0,11.0,13.646892191503355,6.0,8.037515709787357,12.300595452186643
8,39,284.0,283.0,38.0,44.43745337973408,11.0,14.763026763723973,12.861323554031781
2,10,232.0,238.0,40.0,67.63529329413969,13.0,28.522119118364945,82.40325476786852
2,68,133.0,149.0,30.0,40.3673969797716,10.0,16.872089328617136,72.41461290399381
150,90,0.0,0.0,0.0,0.04403827479181999,0.0,0.044893886381230264,0.593984000418335
22,21,8.0,10.0,6.0,8.110042469776225,4.0,5.762853775079115,5.239464153603974
41,77,5.0,4.0,2.0,2.5257720148348533,1.0,1.4142634584433613,1.6031036203925835
2,10,53.0,55.0,31.0,47.281993742710874,11.0,21.86029365008148,36.852145419277974
39,27,57.0,60.0,17.0,19.615486034737078,7.0,8.665105357572017,6.30754309401199
9,31,198.0,188.0,32.0,36.75367619864245,10.0,13.013530933315888,25.05130826891685
2,14,0.0,0.0,7.0,12.73463171137025,6.0,11.845902793153355,44.96717057661547
31,64,16.0,15.0,10.0,11.414255388739367,4.0,5.134086875691777,7.0975401280949555
2,80,13.0,14.0,16.0,23.762348829137498,8.0,14.057264774937778,29.64906719609246
57,22,0.0,0.0,0.0,0.19234716816552244,0.0,0.22025032779955778,2.0732690508946385
2,69,1.0,1.0,12.0,16.08886649939591,7.0,10.361341003658023,8.832734408668042
4,63,21.0,20.0,10.0,12.047188015394052,5.0,6.710301199024961,6.157587615691774
126,90,35.0,34.0,5.0,5.505754693960784,1.0,1.3438653717737261,2.3779725338990656
149,85,0.0,0.0,0.0,0.23969370625271624,0.0,0.18217887531878407,1.0813424962266875
150,31,0.0,0.0,0.0,0.21036783377341695,0.0,0.15942267365196794,0.5114667063628928
2,90,125.0,139.0,29.0,43.78689923864861,11.0,20.63257030390261,61.40918985819771
36,46,46.0,47.0,12.0,13.961053672760324,6.0,7.452763067430134,8.419262357670029
25,43,9.0,9.0,9.0,10.493392913662955,5.0,6.217611750898497,2.2845971263933897
24,17,43.0,42.0,18.0,19.929360735983714,7.0,8.248972260290264,1.8480098426137368
4,90,18.0,16.0,17.0,18.95936285514856,7.0,8.488749558540272,4.616769134437259
19,13,3.0,3.0,9.0,10.948788802820614,5.0,6.525082438991331,1.4431090002756073
147,25,0.0,0.0,0.0,0.19679474417815368,0.0,0.17715805590956535,0.13752305013806507
40,40,2.0,1.0,3.0,3.580516382753864,1.0,1.4876690022493015,8.499817546178662
2,10,57.0,55.0,26.0,32.006438438876216,9.0,13.753692547267,40.853644474320895
2,53,275.0,277.0,40.0,53.899847237079825,12.0,19.89451999918593,47.92119591452565
93,39,0.0,0.0,0.0,0.21296309950379055,0.0,0.1921159771153671,0.6448762914516348
8,10,10.0,11.0,8.0,11.858595001581293,6.0,9.256642188863143,8.986472988092126
149,12,23.0,25.0,3.0,3.6020518138014,2.0,2.399752867996863,0.7869196370011069
2,89,273.0,274.0,40.0,68.5627472073187,13.0,29.17134181771823,115.63371043238995
17,90,283.0,281.0,33.0,36.80460938178619,9.0,11.060927264696824,11.031154230751044
26,20,31.0,32.0,15.0,17.480220327035624,7.0,8.793427809204474,4.676832654726993
9,10,67.0,69.0,22.0,26.226780514059683,9.0,11.843377294316959,13.328221927909588
32,38,251.0,253.0,31.0,34.89885209173762,10.0,12.193095813944268,6.415265362008512
21,10,0.0,0.0,2.0,3.466293384379655,3.0,4.475193720240766,8.112686204960616
150,16,13.0,14.0,0.0,0.08557406540444612,0.0,0.04724908641674119,0.39312217424747614
2,24,315.0,315.0,40.0,59.52469712579337,13.0,22.654351613585867,80.07909755257815
21,90,68.0,67.0,14.0,15.676383483946973,5.0,6.273092026257904,24.03790568041328
150,83,32.0,31.0,7.0,7.31776968813745,1.0,1.1967923627080632,0.6476558011438827
41,11,0.0,0.0,3.0,3.9047846431476234,2.0,2.8242273101816107,1.7278957432607664
64,18,99.0,102.0,11.0,11.968450655404466,5.0,5.629245311694296,2.1865710719138707
11,32,315.0,315.0,39.0,46.085845790996245,11.0,14.858011245783079,54.80594021658939
150,90,3.0,2.0,0.0,0.05930427089345325,0.0,0.043832175452265254,2.117159915444436
150,31,0.0,0.0,0.0,0.0021195110533369643,0.0,0.001630594428661869,0.03286234624040448
2,47,229.0,224.0,36.0,44.42434265393112,10.0,15.263465646609,63.04342484479289
2,41,51.0,53.0,24.0,32.46644838256194,9.0,14.993175353025979,10.00122720376829
19,30,0.0,0.0,6.0,7.887800211911436,5.0,6.5456414856055884,1.3689355137862491
24,53,33.0,35.0,9.0,11.663609752961733,5.0,7.093856986704612,5.190199629732901
2,17,251.0,255.0,39.0,54.71023225882968,12.0,21.399977381596234,43.2091103540607
2,70,250.0,249.0,36.0,44.00005506808368,11.0,15.997875017020656,28.80626390935196
2,48,22.0,22.0,19.0,24.062506651191722,8.0,12.00926732149755,9.289037415159571
2,25,62.0,66.0,26.0,40.22885130984007,10.0,19.991888395394266,57.67363214714849
2,46,0.0,1.0,9.0,14.571678823411467,7.0,11.936100231165245,23.499231193295333
33,53,0.0,0.0,3.0,3.7093715993206398,1.0,1.605653307802796,0.7835325208242823
2,64,285.0,287.0,40.0,64.92760592446132,13.0,27.259856452265467,101.85153699723286
139,28,0.0,0.0,0.0,0.3453034144024736,0.0,0.2866198120537464,0.5499727968002852
2,10,15.0,16.0,13.0,18.477234221143625,7.0,11.84153532074226,26.58175819722703
47,10,35.0,35.0,8.0,9.346186451318898,4.0,4.96981944949321,4.577172057341059
53,51,38.0,38.0,12.0,13.309587331853798,6.0,6.906205737875977,10.140441872278284
2,73,40.0,37.0,28.0,36.57339741682891,10.0,16.528419345436085,36.9295890416866
59,47,33.0,35.0,10.0,11.355144079741185,5.0,5.97645731528064,5.944787563775601
17,49,34.0,36.0,17.0,20.717605159069123,8.0,10.657842907732462,3.8858766672383047
61,25,0.0,0.0,0.0,0.4205676376120384,0.0,0.4193787786385299,2.195069584935436
21,40,0.0,0.0,1.0,2.032120143085832,1.0,1.9280503456580136,5.170591382560055
2,10,58.0,59.0,32.0,47.57519503458444,11.0,21.72844024862478,70.45219414910376
23,18,0.0,0.0,0.0,1.8271359169017063,1.0,2.8412804795045665,3.738390500114456
52,79,0.0,0.0,0.0,0.18950629996827373,0.0,0.16950473970899638,1.8445712128563625
2,35,50.0,50.0,21.0,25.754217082912923,8.0,11.81915718863875,37.605248498558275
67,78,30.0,32.0,4.0,4.892756269218307,2.0,2.7527067324013403,3.249851378551584
112,35,0.0,0.0,0.0,0.29573068696982086,0.0,0.2491124750019822,0.4239372656725359
2,68,48.0,46.0,27.0,33.020572471087405,8.0,12.717708458192549,46.24194376130984
9,32,212.0,214.0,33.0,39.84312416337853,10.0,14.276036326088722,18.55435904272955
2,12,65.0,67.0,28.0,35.85434432799944,10.0,15.630286691593936,22.07821256706499
2,16,300.0,298.0,40.0,59.14988638546765,13.0,24.5880821350907,110.01518410713172
90,27,0.0,0.0,0.0,0.3033097603325685,0.0,0.27020352572573336,1.1830697491622009
20,10,4.0,5.0,10.0,13.05744499290451,7.0,9.446969312507049,2.7929289108948883
19,10,18.0,16.0,7.0,8.172715774963473,5.0,5.966799496610615,2.8412009056592464
4,46,72.0,76.0,23.0,30.335605606606933,9.0,13.95811758435533,24.531176473299517
2,77,272.0,276.0,37.0,51.685753109075925,11.0,20.079884771593704,56.74999463543646
2,23,50.0,49.0,23.0,30.61569855365441,9.0,15.027600011198752,41.35475458123369
35,21,51.0,51.0,17.0,18.908483177844705,8.0,9.295028507606478,5.731812747391598
2,44,44.0,48.0,28.0,41.46224934790749,11.0,20.17849114776973,21.44798827077595
2,17,53.0,55.0,17.0,22.45221854132154,8.0,12.34080021511036,29.837706660153135
34,27,249.0,246.0,25.0,27.04176289067569,8.0,9.174151120339797,6.118477905395782
37,32,55.0,55.0,21.0,22.584417686887228,8.0,9.08110955444662,2.1693111631634667
5,10,273.0,275.0,38.0,46.474993268335076,11.0,16.111042802155776,12.262767120170565
16,54,1.0,1.0,3.0,4.472643858298065,2.0,3.473301906760405,5.029352624429653
5,21,9.0,11.0,13.0,17.05051818902304,7.0,10.582184345913383,6.069035431670671
28,56,0.0,0.0,1.0,2.0597171067837494,1.0,1.981581013418555,4.5260549278390005
2,38,254.0,254.0,40.0,60.51360951676382,13.0,25.011171764614147,31.90015739090912
2,22,145.0,159.0,39.0,60.30476568531731,12.0,25.182002392864575,99.89647005594155
2,90,61.0,59.0,15.0,18.29332028444233,6.0,8.660885245677596,15.6591923572797
78,38,3.0,2.0,0.0,0.30776871734335853,0.0,0.2638646658168866,2.1237203361476413
17,10,230.0,232.0,34.0,39.891218323924875,10.0,13.461101432261737,13.513674892191085
49,90,68.0,71.0,16.0,17.604614965849088,6.0,7.013622637038649,1.1575828880937822
2,27,94.0,94.0,29.0,34.46864226169245,10.0,13.616468347685771,31.68641527042394
22,40,67.0,67.0,20.0,22.69164384662186,8.0,9.73284154262598,2.744456825631912
2,10,239.0,235.0,38.0,47.86268957319729,11.0,17.404741901233486,30.913418447358083
2,90,315.0,315.0,40.0,61.740195837633294,13.0,24.829584103526333,119.64520025516663
46,11,0.0,0.0,0.0,0.37248472708325586,0.0,0.39276063048004617,2.2417894729460563
2,13,315.0,315.0,40.0,58.111910552441984,12.0,22.031786211765166,91.08877007570804
2,37,226.0,223.0,34.0,41.08242236509018,10.0,14.485846961414982,16.24659336966609
2,90,98.0,97.0,28.0,34.10769235431078,9.0,13.125294950676958,50.17761248269822
40,65,26.0,28.0,10.0,12.44067500097622,6.0,7.920817706472265,5.293052149387181
3,90,129.0,136.0,25.0,30.082092430450608,9.0,12.474097165402927,38.19282625945117
18,43,8.0,7.0,10.0,11.661327380094473,5.0,6.261415763841032,3.02431381581876
45,30,28.0,27.0,14.0,15.491775580176725,6.0,7.019396724514673,2.0491269352738257
11,38,31.0,31.0,16.0,19.586339586643152,7.0,9.763777394190374,18.788779950122564
36,80,41.0,41.0,11.0,12.391992151076733,5.0,5.981491629426934,3.1876517275784333
126,90,74.0,74.0,14.0,14.729594205003488,4.0,4.433204741074627,5.906211603424615
150,69,0.0,0.0,0.0,0.11912346714037003,0.0,0.08468850930321148,0.3666964314353313
6,27,17.0,16.0,12.0,14.317825487281446,6.0,7.960793354311853,1.7785938774359225
4,17,25.0,25.0,12.0,15.386964459742426,7.0,9.75226499877983,4.4677664189363995
12,10,30.0,31.0,15.0,18.358222330421867,8.0,10.643490260158591,3.7971225257059555
2,33,79.0,79.0,31.0,37.1916319291248,10.0,14.081411805272861,13.446137767568501
2,32,231.0,235.0,40.0,64.9655961425624,13.0,27.129515874877697,55.20026859820146
11,49,19.0,18.0,11.0,13.245309689896338,6.0,7.770103582723472,11.01228847706623
150,90,0.0,0.0,0.0,0.011636274810090441,0.0,0.011806317056166415,0.08222043423772504
30,44,24.0,22.0,8.0,8.79727219476432,3.0,3.623738848100253,3.771107849417479
38,29,45.0,45.0,18.0,19.686038044038433,7.0,8.124437372990233,1.4346394380215397
29,60,48.0,49.0,11.0,13.17997323439489,6.0,7.574290590017204,14.513087082514419
150,58,47.0,50.0,5.0,5.6253385282685535,3.0,3.416038254606635,2.1444749181864613
150,21,26.0,26.0,2.0,2.270656049109486,0.0,0.17109587325809983,0.25459597440476184
8,16,0.0,0.0,3.0,4.230480171178322,2.0,3.354224475866385,5.113294031336607
117,87,81.0,83.0,8.0,8.683615248563948,2.0,2.451036093601939,1.8928527586611943
148,46,0.0,0.0,1.0,1.2194107943025354,0.0,0.16636250052576518,0.1717080339591983
2,64,45.0,44.0,24.0,30.441881605252355,9.0,13.629429596620781,35.760173048502644
4,23,240.0,241.0,36.0,45.87718368690129,11.0,16.73188787637726,10.02083643220567
4,10,0.0,0.0,6.0,8.948660354670652,6.0,8.778372391201213,3.3781285925355458
2,30,121.0,126.0,28.0,35.59194044517618,10.0,15.330506820745665,22.464510888584847
2,24,19.0,19.0,12.0,15.609702911900243,7.0,10.109549636186959,57.54511983914417
2,47,266.0,262.0,37.0,44.15677084586406,11.0,15.22101581657155,37.80689487317214
2,10,210.0,202.0,35.0,41.453241021106194,11.0,15.094681959866556,18.796472976193822
2,10,28.0,31.0,20.0,31.601928562590114,10.0,18.331630262357933,8.720698031881016
150,90,33.0,34.0,4.0,4.39776512189917,1.0,1.234078485293489,0.8746067973851623
2,10,27.0,27.0,18.0,24.420659564291512,8.0,12.833848042617019,16.59211616534904
54,62,28.0,32.0,8.0,10.449126092534705,6.0,7.94854571056491,7.543245145269907
10,37,32.0,30.0,13.0,15.24358096661338,7.0,8.93928694038328,15.067901601363477
8,76,87.0,88.0,19.0,22.399837306442976,7.0,9.421437695230171,10.893519810568057
81,55,0.0,0.0,0.0,0.6959226216570131,1.0,1.6641074786466834,2.931812966656859
24,10,0.0,0.0,3.0,4.110517003789951,2.0,2.9614836895312453,2.224238636608284
2,77,71.0,76.0,33.0,49.459841748504736,11.0,21.847602457342802,53.906659961392904
26,14,0.0,0.0,5.0,6.639104812970738,4.0,5.4210337957228205,3.6649720727599653
11,25,0.0,0.0,3.0,4.2872817302969075,2.0,3.3553798429557316,5.308867880237329
2,84,315.0,315.0,40.0,55.49698256202466,13.0,21.578152516899742,81.00967393173856
2,82,69.0,68.0,29.0,34.751616798608175,10.0,14.075477810001956,30.249945587023912
60,66,3.0,4.0,4.0,4.6370665435082605,1.0,1.4908376348923862,0.7072410799889097
150,36,0.0,0.0,0.0,0.00678325173298755,0.0,0.010034429080073792,0.036493726281918236
2,64,33.0,33.0,13.0,16.47389888392161,6.0,8.818832197886302,10.228804097312109
56,90,0.0,0.0,0.0,0.71794687696237,0.0,0.672523080411451,2.3664738937231222
41,39,5.0,7.0,4.0,5.216213053662175,2.0,2.9857018464922747,0.6263361916760379
2,70,235.0,233.0,38.0,56.72704881068551,12.0,23.721583445653685,65.72135075139246
142,23,2.0,1.0,3.0,3.3327779947235117,1.0,1.2130627553840718,0.6222466162217084
4,55,0.0,0.0,7.0,10.507855034257965,5.0,8.273348234133088,21.54676767282365
15,66,78.0,83.0,20.0,24.745319345207168,9.0,12.387591114671,20.483152626933144
8,10,56.0,55.0,20.0,23.538495516842943,8.0,10.82773655024927,27.647256083225468
13,28,15.0,15.0,11.0,13.131276635065868,6.0,7.691295640309057,3.774176750007966
3,90,10.0,9.0,7.0,9.021689605878107,4.0,5.935000204966617,58.47906944541009
53,10,0.0,0.0,7.0,8.114670528845123,5.0,5.905314366323457,1.358245820525811
109,56,84.0,82.0,19.0,19.996429777493148,6.0,6.590571164529937,2.869611085315924
12,68,55.0,54.0,16.0,18.301680245619956,6.0,7.7079110072521,20.803726757982812
50,10,0.0,0.0,0.0,0.7078739469987827,1.0,1.6497663139329781,0.9229070282725489
148,90,11.0,11.0,0.0,0.25422852723118794,0.0,0.1858736956779139,2.0709893174973377
2,35,13.0,13.0,8.0,11.12295517825618,6.0,8.768449916139875,10.644894363505701
2,86,79.0,78.0,35.0,53.49030279601085,11.0,23.00283935118183,114.53082920226258
2,90,113.0,119.0,33.0,43.03479361214578,11.0,17.478469494279842,34.68063570371535
58,76,0.0,0.0,0.0,0.5235276003350495,0.0,0.5227430384076539,1.0341143283319911
2,90,92.0,96.0,32.0,43.74017157588864,10.0,17.721061623251515,39.78769011743407
13,81,38.0,40.0,14.0,17.524267337600506,7.0,9.608814465238597,15.898217533627378
14,10,11.0,10.0,12.0,14.119530641707064,6.0,7.7211761996320885,7.387646040137545
150,10,0.0,0.0,0.0,0.14232916094194392,0.0,0.13633969160076442,0.16899079101896072
150,37,0.0,0.0,0.0,0.010981156178650142,0.0,0.008671144578906054,0.027178157514032818
2,89,44.0,44.0,20.0,26.254981181339872,8.0,13.056067655357532,54.65674741337142
2,48,223.0,222.0,33.0,40.31422107607726,10.0,14.607390689146758,35.0425701989284
2,45,78.0,79.0,34.0,45.372262655266475,11.0,18.58166122606736,68.51240791785271
17,30,2.0,2.0,2.0,3.255164827249388,1.0,2.233287477196204,11.057203555752853
2,17,0.0,0.0,3.0,6.40278528964464,5.0,8.729644815377949,15.118796339238948
108,49,14.0,13.0,3.0,3.4617680946651577,1.0,1.3232998009090806,0.9006253087958516
52,62,49.0,48.0,15.0,16.36734431019639,6.0,6.938800183887548,11.793723172247718
144,12,0.0,0.0,0.0,0.48518630893007564,0.0,0.4701444576866747,1.2312765682260847
27,90,0.0,0.0,1.0,2.4025201782992838,2.0,3.34572231652622,9.697925219956742
14,57,0.0,0.0,2.0,2.965774085636796,0.0,0.9542934663519482,3.958778547550168
13,48,15.0,15.0,12.0,15.02034352732275,7.0,9.446800749080413,3.167344692744226
50,32,57.0,58.0,17.0,18.129147776633864,6.0,6.696453308540784,0.6151464866619583
13,10,0.0,0.0,3.0,4.362031294088542,3.0,4.38508060668351,3.486016121352899
11,75,9.0,8.0,12.0,14.408212319946,6.0,7.921023353477107,6.269428579248443
42,52,0.0,0.0,0.0,0.7576057693914235,0.0,0.7793731321011195,2.5560478480579967
19,30,0.0,0.0,1.0,1.9732028607251666,1.0,1.9630397240379125,1.6421672896041488
2,16,28.0,28.0,27.0,39.28437861833329,10.0,19.041760364634655,41.955948769010845
35,27,10.0,11.0,6.0,7.5953693379552,5.0,6.237078452379853,1.4108047752467017
2,65,79.0,78.0,31.0,41.78889592822934,10.0,17.661750462152558,59.0367906957696
2,13,1.0,1.0,10.0,13.882314146857947,7.0,10.398652445456417,12.360813772149763
2,45,28.0,29.0,22.0,29.72762417398568,9.0,14.690700661815464,32.66315934483787
135,28,0.0,0.0,0.0,0.41878168811825844,0.0,0.3666371324605613,1.529559764034163
6,71,30.0,31.0,12.0,15.326863407523012,7.0,9.810133249636703,8.849942387702736
15,21,103.0,108.0,28.0,32.24525703309942,10.0,12.755736679433152,21.87458236709245
25,50,0.0,0.0,4.0,5.433776553354896,4.0,5.223664368380583,5.822923460015803
17,44,36.0,38.0,19.0,23.30381511145755,9.0,12.058604815928362,3.365334287213438
18,36,31.0,30.0,10.0,11.73216064255959,6.0,7.368042198694192,2.7686912777433004
2,27,37.0,38.0,12.0,15.867251084470412,6.0,9.218730851024336,13.635897090146646
33,21,73.0,70.0,18.0,19.15094399503844,6.0,6.694912693914231,3.837036968603456
8,61,35.0,42.0,15.0,23.31281786468927,9.0,15.627954516534807,16.92880779421615
2,29,33.0,33.0,24.0,34.41951468088342,10.0,18.166991564322224,45.091540774156734
4,10,0.0,0.0,1.0,2.9102179762037172,2.0,4.077052379532624,13.829454411744226
2,40,15.0,15.0,11.0,15.217103321818886,7.0,10.527007281905721,8.194152423848173
135,81,0.0,0.0,0.0,0.3703660986756243,0.0,0.377266024372406,0.7473147130925037
42,90,41.0,40.0,11.0,12.054543756895798,5.0,5.84678303124179,9.078501733015415
41,62,154.0,163.0,23.0,25.182888069858652,7.0,8.310000064379441,6.632072295551105
134,15,1.0,3.0,1.0,1.5323298020884868,1.0,1.413868383830491,0.4341731968185411
2,11,60.0,61.0,28.0,43.194384682180214,10.0,20.88329470470022,84.86051343468327
2,26,107.0,115.0,31.0,43.18025006552415,11.0,19.438307026521912,60.502008829857374
59,17,63.0,67.0,16.0,18.2775083280433,7.0,8.443809002268393,3.3973644784711072
2,90,260.0,263.0,38.0,55.75249642740973,12.0,22.74899751737801,72.18149432504845
43,39,0.0,0.0,0.0,0.4307328402461197,0.0,0.399952449216155,3.3502395224884096
5,90,280.0,278.0,31.0,35.364469057451764,9.0,11.65044361104195,36.02743577200026
61,30,15.0,14.0,7.0,7.633108730122225,2.0,2.444637787410896,0.815841625738223
2,88,32.0,33.0,23.0,28.717104526953765,9.0,13.48132477424302,16.742973912790195
119,90,0.0,0.0,0.0,0.18091349944839563,0.0,0.1708187015959619,1.3195929462442613
22,72,67.0,70.0,21.0,24.961127117655323,9.0,11.63401848996927,18.3428809183921
47,10,0.0,0.0,0.0,0.31792851973085634,0.0,0.3060424533717785,1.529199730450327
138,82,0.0,0.0,0.0,0.1976921456173859,0.0,0.17372410686177653,0.48378629193367745
13,29,130.0,135.0,31.0,35.970980203384094,10.0,13.05891641919881,6.040034150624421
20,90,49.0,50.0,14.0,16.351002694770372,6.0,7.724889082791434,5.786859787357555
23,25,176.0,189.0,21.0,24.718475802144887,8.0,10.45800014580817,19.23740254977301
83,89,1.0,0.0,0.0,0.182766892039528,0.0,0.15237455621081697,1.0974135168538615
41,53,0.0,0.0,2.0,3.00893742826791,2.0,2.881796473432647,6.27430797177779
58,34,0.0,0.0,0.0,0.43532242385088704,0.0,0.4203396594412159,5.057967553440202
2,39,315.0,315.0,40.0,59.909339441186475,12.0,23.465443027909632,84.77939015159339
49,37,0.0,0.0,1.0,1.4749149704996802,0.0,0.40688240967003564,2.7763622067285283
150,77,0.0,0.0,0.0,0.06649189823751245,0.0,0.050055290424858345,0.8788216896126393
2,59,14.0,13.0,11.0,13.909003810385244,6.0,8.583061001822124,20.99552056729221
17,80,59.0,59.0,13.0,15.016817029049099,6.0,7.372839727916473,3.8517710201221127
148,59,0.0,0.0,0.0,0.2708977625966178,0.0,0.2233906596003672,0.879593617971862
53,57,20.0,21.0,7.0,8.162847673761284,4.0,4.873919416369764,6.1218319206172715
9,10,51.0,54.0,22.0,28.120745464452558,10.0,14.176901623672855,9.290714178715197
15,10,71.0,73.0,22.0,26.01074412184387,9.0,11.747271577777475,12.655534975003388
37,83,2.0,2.0,5.0,6.379203988794565,3.0,4.100925538417457,4.335210970464686
67,48,56.0,60.0,11.0,13.040073485076705,6.0,7.407830500640437,2.1962556776075304
93,79,0.0,0.0,0.0,0.23265388737712556,0.0,0.23876353401660944,1.0874162914148209
90,52,1.0,1.0,1.0,1.6050848133944875,1.0,1.475212258562148,4.851823349688747
133,90,18.0,18.0,2.0,2.4184743466026735,0.0,0.3260444596998302,0.6697275929742046
14,53,69.0,68.0,22.0,25.566793368519882,8.0,10.315414362190921,22.5625595511429
2,30,71.0,70.0,31.0,40.80427908894775,10.0,16.8551498439706,30.421535612004735
2,83,53.0,56.0,17.0,24.64569937690775,8.0,13.901002178260942,48.75071875554694
2,87,315.0,315.0,40.0,70.25766992704216,13.0,29.334769612967015,110.31597874281172
50,87,0.0,0.0,0.0,1.05407369135362,0.0,0.9689001591371591,3.567061796039676
59,60,0.0,0.0,1.0,1.4603723598928031,0.0,0.35730549726200134,0.5726590256755109
133,53,0.0,0.0,0.0,0.189436977002716,0.0,0.16423862476624262,0.5324804974920061
26,70,11.0,10.0,5.0,6.116694376872718,3.0,3.9456119895975177,7.783669292418301
8,22,157.0,156.0,28.0,32.34897343163536,9.0,11.754437945745208,22.69544226424379
2,21,22.0,24.0,19.0,27.086146931582675,9.0,15.408114312237432,31.64957454335398
