{"init_params": {"cat_dims": [], "cat_emb_dim": 1, "cat_idxs": [], "clip_value": 1, "device_name": "auto", "epsilon": 1e-15, "gamma": 1.3, "input_dim": 4, "lambda_sparse": 0.001, "mask_type": "sparsemax", "momentum": 0.02, "n_a": 32, "n_d": 32, "n_indep_decoder": 1, "n_independent": 3, "n_shared": 3, "n_shared_decoder": 1, "n_steps": 3, "optimizer_params": {"lr": 0.001}, "output_dim": 1, "scheduler_params": {"step_size": 500, "gamma": 0.5}, "seed": 0, "verbose": 0}, "class_attrs": {"preds_mapper": null}}